x-axis,1
second,Volt
-500.0000E-03,+500.0000E-03
-499.5000E-03,+1.7060302E+00
-499.0000E-03,-706.0302E-03
-498.5000E-03,-1.6105528E+00
-498.0000E-03,-2.3140704E+00
-497.5000E-03,-1.4095478E+00
-497.0000E-03,-907.0352E-03
-496.5000E-03,-505.0251E-03
-496.0000E-03,+97.9899E-03
-495.5000E-03,+1.2035176E+00
-495.0000E-03,+1.5050251E+00
-494.5000E-03,-806.5327E-03
-494.0000E-03,-1.9120603E+00
-493.5000E-03,-3.1180905E+00
-493.0000E-03,-2.5150754E+00
-492.5000E-03,-2.0125628E+00
-492.0000E-03,+97.9899E-03
-491.5000E-03,+2.0075377E+00
-491.0000E-03,+1.5050251E+00
-490.5000E-03,+1.3040201E+00
-490.0000E-03,+902.0101E-03
-489.5000E-03,-103.0151E-03
-489.0000E-03,+298.9950E-03
-488.5000E-03,+1.7060302E+00
-488.0000E-03,+902.0101E-03
-487.5000E-03,+1.2035176E+00
-487.0000E-03,+97.9899E-03
-486.5000E-03,+399.4975E-03
-486.0000E-03,-706.0302E-03
-485.5000E-03,-1.7110553E+00
-485.0000E-03,-2.7160804E+00
-484.5000E-03,-1.5100503E+00
-484.0000E-03,-1.5100503E+00
-483.5000E-03,-806.5327E-03
-483.0000E-03,+97.9899E-03
-482.5000E-03,+801.5075E-03
-482.0000E-03,+500.0000E-03
-481.5000E-03,+902.0101E-03
-481.0000E-03,+500.0000E-03
-480.5000E-03,-203.5176E-03
-480.0000E-03,+500.0000E-03
-479.5000E-03,+3.7160804E+00
-479.0000E-03,+2.7110553E+00
-478.5000E-03,+902.0101E-03
-478.0000E-03,-1.1080402E+00
-477.5000E-03,-1.3090452E+00
-477.0000E-03,-1.9120603E+00
-476.5000E-03,-1.5100503E+00
-476.0000E-03,-1.9120603E+00
-475.5000E-03,-2.3140704E+00
-475.0000E-03,-706.0302E-03
-474.5000E-03,-304.0201E-03
-474.0000E-03,-706.0302E-03
-473.5000E-03,-1.1080402E+00
-473.0000E-03,+500.0000E-03
-472.5000E-03,+1.7060302E+00
-472.0000E-03,+1.7060302E+00
-471.5000E-03,+1.3040201E+00
-471.0000E-03,+701.0050E-03
-470.5000E-03,+1.1030151E+00
-470.0000E-03,-706.0302E-03
-469.5000E-03,-1.0075377E+00
-469.0000E-03,-2.1130653E+00
-468.5000E-03,-605.5276E-03
-468.0000E-03,+902.0101E-03
-467.5000E-03,+902.0101E-03
-467.0000E-03,-304.0201E-03
-466.5000E-03,-2.5126E-03
-466.0000E-03,-304.0201E-03
-465.5000E-03,-706.0302E-03
-465.0000E-03,-1.5100503E+00
-464.5000E-03,-1.3090452E+00
-464.0000E-03,+500.0000E-03
-463.5000E-03,+1.7060302E+00
-463.0000E-03,+3.3140704E+00
-462.5000E-03,+902.0101E-03
-462.0000E-03,-1.1080402E+00
-461.5000E-03,-1.9120603E+00
-461.0000E-03,-2.5150754E+00
-460.5000E-03,-2.0125628E+00
-460.0000E-03,-1.1080402E+00
-459.5000E-03,-2.5126E-03
-459.0000E-03,+500.0000E-03
-458.5000E-03,+1.1030151E+00
-458.0000E-03,+500.0000E-03
-457.5000E-03,-706.0302E-03
-457.0000E-03,-1.1080402E+00
-456.5000E-03,-1.1080402E+00
-456.0000E-03,+500.0000E-03
-455.5000E-03,+1.5050251E+00
-455.0000E-03,+2.9120603E+00
-454.5000E-03,+1.7060302E+00
-454.0000E-03,+1.3040201E+00
-453.5000E-03,-1.2085427E+00
-453.0000E-03,-2.5150754E+00
-452.5000E-03,-806.5327E-03
-452.0000E-03,-1.1080402E+00
-451.5000E-03,-2.7160804E+00
-451.0000E-03,-2.3140704E+00
-450.5000E-03,-304.0201E-03
-450.0000E-03,+500.0000E-03
-449.5000E-03,+600.5025E-03
-449.0000E-03,-907.0352E-03
-448.5000E-03,-706.0302E-03
-448.0000E-03,+500.0000E-03
-447.5000E-03,+1.8065327E+00
-447.0000E-03,+4.5201005E+00
-446.5000E-03,+2.4095478E+00
-446.0000E-03,+1.3040201E+00
-445.5000E-03,-1.0075377E+00
-445.0000E-03,-1.5100503E+00
-444.5000E-03,-1.1080402E+00
-444.0000E-03,-1.9120603E+00
-443.5000E-03,-1.4095478E+00
-443.0000E-03,-1.1080402E+00
-442.5000E-03,+399.4975E-03
-442.0000E-03,+902.0101E-03
-441.5000E-03,+97.9899E-03
-441.0000E-03,-304.0201E-03
-440.5000E-03,-1.5100503E+00
-440.0000E-03,-1.9120603E+00
-439.5000E-03,-203.5176E-03
-439.0000E-03,+1.1030151E+00
-438.5000E-03,+1.5050251E+00
-438.0000E-03,+2.1080402E+00
-437.5000E-03,+801.5075E-03
-437.0000E-03,+97.9899E-03
-436.5000E-03,-404.5226E-03
-436.0000E-03,-706.0302E-03
-435.5000E-03,-1.6105528E+00
-435.0000E-03,-1.9120603E+00
-434.5000E-03,-2.5126E-03
-434.0000E-03,+902.0101E-03
-433.5000E-03,+500.0000E-03
-433.0000E-03,+500.0000E-03
-432.5000E-03,-605.5276E-03
-432.0000E-03,-304.0201E-03
-431.5000E-03,+902.0101E-03
-431.0000E-03,+2.7110553E+00
-430.5000E-03,+2.8115578E+00
-430.0000E-03,+500.0000E-03
-429.5000E-03,-1.4095478E+00
-429.0000E-03,-2.1130653E+00
-428.5000E-03,-2.3140704E+00
-428.0000E-03,-3.5201005E+00
-427.5000E-03,-2.7160804E+00
-427.0000E-03,-1.5100503E+00
-426.5000E-03,-907.0352E-03
-426.0000E-03,-304.0201E-03
-425.5000E-03,+500.0000E-03
-425.0000E-03,+2.5100503E+00
-424.5000E-03,+1.8065327E+00
-424.0000E-03,-1.5100503E+00
-423.5000E-03,-1.9120603E+00
-423.0000E-03,+298.9950E-03
-422.5000E-03,+1.9070352E+00
-422.0000E-03,+2.1080402E+00
-421.5000E-03,+1.5050251E+00
-421.0000E-03,-304.0201E-03
-420.5000E-03,+500.0000E-03
-420.0000E-03,+1.3040201E+00
-419.5000E-03,-706.0302E-03
-419.0000E-03,-4.3241206E+00
-418.5000E-03,-3.3190955E+00
-418.0000E-03,-706.0302E-03
-417.5000E-03,-706.0302E-03
-417.0000E-03,-505.0251E-03
-416.5000E-03,-706.0302E-03
-416.0000E-03,-304.0201E-03
-415.5000E-03,+2.8115578E+00
-415.0000E-03,+2.7110553E+00
-414.5000E-03,+1.7060302E+00
-414.0000E-03,+1.7060302E+00
-413.5000E-03,+1.3040201E+00
-413.0000E-03,-505.0251E-03
-412.5000E-03,-1.2085427E+00
-412.0000E-03,-1.5100503E+00
-411.5000E-03,-706.0302E-03
-411.0000E-03,+1.1030151E+00
-410.5000E-03,+600.5025E-03
-410.0000E-03,-304.0201E-03
-409.5000E-03,+97.9899E-03
-409.0000E-03,-103.0151E-03
-408.5000E-03,-1.3090452E+00
-408.0000E-03,-1.9120603E+00
-407.5000E-03,-2.8165829E+00
-407.0000E-03,-103.0151E-03
-406.5000E-03,+4.1180905E+00
-406.0000E-03,+3.7160804E+00
-405.5000E-03,-806.5327E-03
-405.0000E-03,-304.0201E-03
-404.5000E-03,+801.5075E-03
-404.0000E-03,-304.0201E-03
-403.5000E-03,-605.5276E-03
-403.0000E-03,-1.1080402E+00
-402.5000E-03,-2.9170855E+00
-402.0000E-03,+902.0101E-03
-401.5000E-03,+1.3040201E+00
-401.0000E-03,-706.0302E-03
-400.5000E-03,-605.5276E-03
-400.0000E-03,+2.1080402E+00
-399.5000E-03,-907.0352E-03
-399.0000E-03,-505.0251E-03
-398.5000E-03,+2.0075377E+00
-398.0000E-03,+3.3140704E+00
-397.5000E-03,+3.0125628E+00
-397.0000E-03,+2.5100503E+00
-396.5000E-03,-1.1080402E+00
-396.0000E-03,-4.3241206E+00
-395.5000E-03,-1.9120603E+00
-395.0000E-03,-2.1130653E+00
-394.5000E-03,-1.6105528E+00
-394.0000E-03,-304.0201E-03
-393.5000E-03,+1.6055276E+00
-393.0000E-03,+1.7060302E+00
-392.5000E-03,+2.6105528E+00
-392.0000E-03,-706.0302E-03
-391.5000E-03,-3.1180905E+00
-391.0000E-03,-706.0302E-03
-390.5000E-03,+1.8065327E+00
-390.0000E-03,+1.7060302E+00
-389.5000E-03,-304.0201E-03
-389.0000E-03,+2.3090452E+00
-388.5000E-03,+2.4095478E+00
-388.0000E-03,+2.1080402E+00
-387.5000E-03,+1.2035176E+00
-387.0000E-03,-2.5150754E+00
-386.5000E-03,-3.2185930E+00
-386.0000E-03,-2.7160804E+00
-385.5000E-03,-1.5100503E+00
-385.0000E-03,-907.0352E-03
-384.5000E-03,+198.4925E-03
-384.0000E-03,+1.3040201E+00
-383.5000E-03,+399.4975E-03
-383.0000E-03,-1.3090452E+00
-382.5000E-03,-706.0302E-03
-382.0000E-03,+2.9120603E+00
-381.5000E-03,+1.7060302E+00
-381.0000E-03,+2.3090452E+00
-380.5000E-03,+600.5025E-03
-380.0000E-03,-2.7160804E+00
-379.5000E-03,+902.0101E-03
-379.0000E-03,-103.0151E-03
-378.5000E-03,-2.6155779E+00
-378.0000E-03,-1.9120603E+00
-377.5000E-03,+298.9950E-03
-377.0000E-03,+97.9899E-03
-376.5000E-03,+1.7060302E+00
-376.0000E-03,-706.0302E-03
-375.5000E-03,-1.8115578E+00
-375.0000E-03,-907.0352E-03
-374.5000E-03,+2.7110553E+00
-374.0000E-03,+902.0101E-03
-373.5000E-03,-2.0125628E+00
-373.0000E-03,+1.1030151E+00
-372.5000E-03,+1.4045226E+00
-372.0000E-03,+97.9899E-03
-371.5000E-03,+801.5075E-03
-371.0000E-03,+902.0101E-03
-370.5000E-03,-2.7160804E+00
-370.0000E-03,-706.0302E-03
-369.5000E-03,-1.9120603E+00
-369.0000E-03,-2.9170855E+00
-368.5000E-03,+500.0000E-03
-368.0000E-03,+902.0101E-03
-367.5000E-03,-1.0075377E+00
-367.0000E-03,-1.3090452E+00
-366.5000E-03,+298.9950E-03
-366.0000E-03,+3.3140704E+00
-365.5000E-03,+4.6206030E+00
-365.0000E-03,+2.5100503E+00
-364.5000E-03,-404.5226E-03
-364.0000E-03,-2.3140704E+00
-363.5000E-03,-1.1080402E+00
-363.0000E-03,-907.0352E-03
-362.5000E-03,-3.1180905E+00
-362.0000E-03,-2.3140704E+00
-361.5000E-03,+198.4925E-03
-361.0000E-03,+902.0101E-03
-360.5000E-03,+1.6055276E+00
-360.0000E-03,+97.9899E-03
-359.5000E-03,-1.9120603E+00
-359.0000E-03,-1.7110553E+00
-358.5000E-03,+198.4925E-03
-358.0000E-03,-706.0302E-03
-357.5000E-03,+399.4975E-03
-357.0000E-03,+1.3040201E+00
-356.5000E-03,+3.3140704E+00
-356.0000E-03,+2.1080402E+00
-355.5000E-03,+198.4925E-03
-355.0000E-03,+1.3040201E+00
-354.5000E-03,-1.8115578E+00
-354.0000E-03,-1.9120603E+00
-353.5000E-03,-2.4145729E+00
-353.0000E-03,-2.1130653E+00
-352.5000E-03,+500.0000E-03
-352.0000E-03,+2.9120603E+00
-351.5000E-03,-706.0302E-03
-351.0000E-03,-2.9170855E+00
-350.5000E-03,-1.2085427E+00
-350.0000E-03,+500.0000E-03
-349.5000E-03,+1.8065327E+00
-349.0000E-03,+2.1080402E+00
-348.5000E-03,+1.0025126E+00
-348.0000E-03,-304.0201E-03
-347.5000E-03,+1.5050251E+00
-347.0000E-03,+701.0050E-03
-346.5000E-03,-2.4145729E+00
-346.0000E-03,-3.1180905E+00
-345.5000E-03,-505.0251E-03
-345.0000E-03,-1.1080402E+00
-344.5000E-03,+399.4975E-03
-344.0000E-03,+2.1080402E+00
-343.5000E-03,-304.0201E-03
-343.0000E-03,+701.0050E-03
-342.5000E-03,+1.3040201E+00
-342.0000E-03,-2.3140704E+00
-341.5000E-03,-1.8115578E+00
-341.0000E-03,+902.0101E-03
-340.5000E-03,+1.2035176E+00
-340.0000E-03,+902.0101E-03
-339.5000E-03,+1.4045226E+00
-339.0000E-03,+1.9070352E+00
-338.5000E-03,+500.0000E-03
-338.0000E-03,-1.1080402E+00
-337.5000E-03,-3.6206030E+00
-337.0000E-03,-3.9221106E+00
-336.5000E-03,-806.5327E-03
-336.0000E-03,+2.1080402E+00
-335.5000E-03,-1.7110553E+00
-335.0000E-03,-1.3090452E+00
-334.5000E-03,-404.5226E-03
-334.0000E-03,+902.0101E-03
-333.5000E-03,+3.2135679E+00
-333.0000E-03,+3.1130653E+00
-332.5000E-03,+500.0000E-03
-332.0000E-03,-304.0201E-03
-331.5000E-03,+801.5075E-03
-331.0000E-03,-304.0201E-03
-330.5000E-03,-103.0151E-03
-330.0000E-03,-2.7160804E+00
-329.5000E-03,-203.5176E-03
-329.0000E-03,-706.0302E-03
-328.5000E-03,-1.4095478E+00
-328.0000E-03,+97.9899E-03
-327.5000E-03,+500.0000E-03
-327.0000E-03,-505.0251E-03
-326.5000E-03,-806.5327E-03
-326.0000E-03,-1.9120603E+00
-325.5000E-03,-1.5100503E+00
-325.0000E-03,+2.3090452E+00
-324.5000E-03,+2.2085427E+00
-324.0000E-03,+1.3040201E+00
-323.5000E-03,+902.0101E-03
-323.0000E-03,+2.5100503E+00
-322.5000E-03,+298.9950E-03
-322.0000E-03,-706.0302E-03
-321.5000E-03,-2.7160804E+00
-321.0000E-03,-3.3190955E+00
-320.5000E-03,-203.5176E-03
-320.0000E-03,+2.5100503E+00
-319.5000E-03,+97.9899E-03
-319.0000E-03,-3.5201005E+00
-318.5000E-03,-1.0075377E+00
-318.0000E-03,-304.0201E-03
-317.5000E-03,-2.5126E-03
-317.0000E-03,+2.9120603E+00
-316.5000E-03,+1.0025126E+00
-316.0000E-03,+902.0101E-03
-315.5000E-03,+2.1080402E+00
-315.0000E-03,+500.0000E-03
-314.5000E-03,-1.2085427E+00
-314.0000E-03,-1.1080402E+00
-313.5000E-03,-1.4095478E+00
-313.0000E-03,-2.9170855E+00
-312.5000E-03,-2.3140704E+00
-312.0000E-03,+97.9899E-03
-311.5000E-03,+2.9120603E+00
-311.0000E-03,+1.7060302E+00
-310.5000E-03,+1.0025126E+00
-310.0000E-03,-3.5201005E+00
-309.5000E-03,-2.7160804E+00
-309.0000E-03,+298.9950E-03
-308.5000E-03,+500.0000E-03
-308.0000E-03,+500.0000E-03
-307.5000E-03,+1.4045226E+00
-307.0000E-03,+3.5150754E+00
-306.5000E-03,+1.8065327E+00
-306.0000E-03,+1.3040201E+00
-305.5000E-03,-3.2185930E+00
-305.0000E-03,-3.9221106E+00
-304.5000E-03,-2.4145729E+00
-304.0000E-03,-706.0302E-03
-303.5000E-03,-203.5176E-03
-303.0000E-03,-1.9120603E+00
-302.5000E-03,+198.4925E-03
-302.0000E-03,+902.0101E-03
-301.5000E-03,+1.0025126E+00
-301.0000E-03,+1.1030151E+00
-300.5000E-03,+1.8065327E+00
-300.0000E-03,-706.0302E-03
-299.5000E-03,+1.0025126E+00
-299.0000E-03,+298.9950E-03
-298.5000E-03,+298.9950E-03
-298.0000E-03,+1.3040201E+00
-297.5000E-03,+600.5025E-03
-297.0000E-03,-1.5100503E+00
-296.5000E-03,-3.1180905E+00
-296.0000E-03,-1.5100503E+00
-295.5000E-03,+902.0101E-03
-295.0000E-03,+1.1030151E+00
-294.5000E-03,-2.5126E-03
-294.0000E-03,-2.3140704E+00
-293.5000E-03,-2.1130653E+00
-293.0000E-03,+701.0050E-03
-292.5000E-03,+2.0075377E+00
-292.0000E-03,-1.5100503E+00
-291.5000E-03,+500.0000E-03
-291.0000E-03,+2.7110553E+00
-290.5000E-03,+1.2035176E+00
-290.0000E-03,+1.3040201E+00
-289.5000E-03,-806.5327E-03
-289.0000E-03,-1.9120603E+00
-288.5000E-03,-806.5327E-03
-288.0000E-03,+500.0000E-03
-287.5000E-03,-1.7110553E+00
-287.0000E-03,-1.5100503E+00
-286.5000E-03,-806.5327E-03
-286.0000E-03,-304.0201E-03
-285.5000E-03,-1.1080402E+00
-285.0000E-03,+500.0000E-03
-284.5000E-03,+2.4095478E+00
-284.0000E-03,+902.0101E-03
-283.5000E-03,+2.1080402E+00
-283.0000E-03,-505.0251E-03
-282.5000E-03,-806.5327E-03
-282.0000E-03,+902.0101E-03
-281.5000E-03,+1.0025126E+00
-281.0000E-03,-2.9170855E+00
-280.5000E-03,-3.1180905E+00
-280.0000E-03,-1.5100503E+00
-279.5000E-03,+801.5075E-03
-279.0000E-03,+3.7160804E+00
-278.5000E-03,+801.5075E-03
-278.0000E-03,-1.9120603E+00
-277.5000E-03,-2.0125628E+00
-277.0000E-03,-907.0352E-03
-276.5000E-03,-706.0302E-03
-276.0000E-03,-304.0201E-03
-275.5000E-03,+902.0101E-03
-275.0000E-03,+3.9170855E+00
-274.5000E-03,+2.2085427E+00
-274.0000E-03,+1.3040201E+00
-273.5000E-03,+399.4975E-03
-273.0000E-03,-1.9120603E+00
-272.5000E-03,-2.4145729E+00
-272.0000E-03,-1.5100503E+00
-271.5000E-03,-2.7160804E+00
-271.0000E-03,-1.1080402E+00
-270.5000E-03,+198.4925E-03
-270.0000E-03,+97.9899E-03
-269.5000E-03,-706.0302E-03
-269.0000E-03,-1.1080402E+00
-268.5000E-03,+902.0101E-03
-268.0000E-03,+500.0000E-03
-267.5000E-03,+298.9950E-03
-267.0000E-03,+298.9950E-03
-266.5000E-03,+801.5075E-03
-266.0000E-03,+2.1080402E+00
-265.5000E-03,+4.5201005E+00
-265.0000E-03,-1.5100503E+00
-264.5000E-03,-3.2185930E+00
-264.0000E-03,-2.3140704E+00
-263.5000E-03,-1.0075377E+00
-263.0000E-03,+701.0050E-03
-262.5000E-03,+1.7060302E+00
-262.0000E-03,-706.0302E-03
-261.5000E-03,-1.5100503E+00
-261.0000E-03,-103.0151E-03
-260.5000E-03,-1.0075377E+00
-260.0000E-03,-1.1080402E+00
-259.5000E-03,-605.5276E-03
-259.0000E-03,+1.9070352E+00
-258.5000E-03,+600.5025E-03
-258.0000E-03,+1.3040201E+00
-257.5000E-03,+2.4095478E+00
-257.0000E-03,+1.3040201E+00
-256.5000E-03,-2.5126E-03
-256.0000E-03,-706.0302E-03
-255.5000E-03,-3.9221106E+00
-255.0000E-03,-2.9170855E+00
-254.5000E-03,+500.0000E-03
-254.0000E-03,-1.1080402E+00
-253.5000E-03,-505.0251E-03
-253.0000E-03,+97.9899E-03
-252.5000E-03,+2.0075377E+00
-252.0000E-03,+2.1080402E+00
-251.5000E-03,+1.4045226E+00
-251.0000E-03,-1.3090452E+00
-250.5000E-03,-806.5327E-03
-250.0000E-03,+1.3040201E+00
-249.5000E-03,+2.2085427E+00
-249.0000E-03,-1.1080402E+00
-248.5000E-03,-2.8165829E+00
-248.0000E-03,-1.9120603E+00
-247.5000E-03,-404.5226E-03
-247.0000E-03,-304.0201E-03
-246.5000E-03,+1.5050251E+00
-246.0000E-03,-706.0302E-03
-245.5000E-03,-1.2085427E+00
-245.0000E-03,-1.1080402E+00
-244.5000E-03,-1.2085427E+00
-244.0000E-03,+97.9899E-03
-243.5000E-03,+701.0050E-03
-243.0000E-03,+2.5100503E+00
-242.5000E-03,+1.4045226E+00
-242.0000E-03,+97.9899E-03
-241.5000E-03,+1.3040201E+00
-241.0000E-03,+2.9120603E+00
-240.5000E-03,-304.0201E-03
-240.0000E-03,-1.1080402E+00
-239.5000E-03,-3.8216081E+00
-239.0000E-03,-2.5150754E+00
-238.5000E-03,+1.2035176E+00
-238.0000E-03,+500.0000E-03
-237.5000E-03,-2.0125628E+00
-237.0000E-03,-505.0251E-03
-236.5000E-03,+500.0000E-03
-236.0000E-03,-304.0201E-03
-235.5000E-03,+801.5075E-03
-235.0000E-03,-304.0201E-03
-234.5000E-03,+97.9899E-03
-234.0000E-03,+2.1080402E+00
-233.5000E-03,+3.7160804E+00
-233.0000E-03,+701.0050E-03
-232.5000E-03,-1.9120603E+00
-232.0000E-03,-1.5100503E+00
-231.5000E-03,-1.6105528E+00
-231.0000E-03,-1.5100503E+00
-230.5000E-03,+500.0000E-03
-230.0000E-03,+1.7060302E+00
-229.5000E-03,+198.4925E-03
-229.0000E-03,+298.9950E-03
-228.5000E-03,-2.2135679E+00
-228.0000E-03,-2.3140704E+00
-227.5000E-03,+500.0000E-03
-227.0000E-03,+298.9950E-03
-226.5000E-03,-806.5327E-03
-226.0000E-03,-304.0201E-03
-225.5000E-03,+1.7060302E+00
-225.0000E-03,+3.7160804E+00
-224.5000E-03,+3.4145729E+00
-224.0000E-03,-304.0201E-03
-223.5000E-03,-3.9221106E+00
-223.0000E-03,-3.5201005E+00
-222.5000E-03,-1.3090452E+00
-222.0000E-03,-304.0201E-03
-221.5000E-03,-1.3090452E+00
-221.0000E-03,+97.9899E-03
-220.5000E-03,+1.7060302E+00
-220.0000E-03,+902.0101E-03
-219.5000E-03,+1.0025126E+00
-219.0000E-03,-505.0251E-03
-218.5000E-03,-404.5226E-03
-218.0000E-03,+902.0101E-03
-217.5000E-03,+1.6055276E+00
-217.0000E-03,+298.9950E-03
-216.5000E-03,+198.4925E-03
-216.0000E-03,-706.0302E-03
-215.5000E-03,-404.5226E-03
-215.0000E-03,-1.5100503E+00
-214.5000E-03,-1.7110553E+00
-214.0000E-03,+1.3040201E+00
-213.5000E-03,-304.0201E-03
-213.0000E-03,-907.0352E-03
-212.5000E-03,-1.9120603E+00
-212.0000E-03,-1.9120603E+00
-211.5000E-03,+1.1030151E+00
-211.0000E-03,+1.9070352E+00
-210.5000E-03,-806.5327E-03
-210.0000E-03,-1.1080402E+00
-209.5000E-03,+1.0025126E+00
-209.0000E-03,+2.3090452E+00
-208.5000E-03,+2.9120603E+00
-208.0000E-03,+902.0101E-03
-207.5000E-03,-1.7110553E+00
-207.0000E-03,-2.5150754E+00
-206.5000E-03,-806.5327E-03
-206.0000E-03,-304.0201E-03
-205.5000E-03,-1.7110553E+00
-205.0000E-03,-1.3090452E+00
-204.5000E-03,+600.5025E-03
-204.0000E-03,-1.1080402E+00
-203.5000E-03,-1.0075377E+00
-203.0000E-03,+902.0101E-03
-202.5000E-03,+500.0000E-03
-202.0000E-03,+1.3040201E+00
-201.5000E-03,+2.0075377E+00
-201.0000E-03,-907.0352E-03
-200.5000E-03,+500.0000E-03
-200.0000E-03,+500.0000E-03
-199.5000E-03,-1.2085427E+00
-199.0000E-03,-2.3140704E+00
-198.5000E-03,-907.0352E-03
-198.0000E-03,+902.0101E-03
-197.5000E-03,+1.7060302E+00
-197.0000E-03,+701.0050E-03
-196.5000E-03,-2.1130653E+00
-196.0000E-03,-2.7160804E+00
-195.5000E-03,-404.5226E-03
-195.0000E-03,+1.5050251E+00
-194.5000E-03,-1.9120603E+00
-194.0000E-03,-1.9120603E+00
-193.5000E-03,+600.5025E-03
-193.0000E-03,+2.9120603E+00
-192.5000E-03,+3.2135679E+00
-192.0000E-03,+2.5100503E+00
-191.5000E-03,-1.5100503E+00
-191.0000E-03,-2.9170855E+00
-190.5000E-03,-2.6155779E+00
-190.0000E-03,-2.7160804E+00
-189.5000E-03,-1.0075377E+00
-189.0000E-03,+97.9899E-03
-188.5000E-03,+1.6055276E+00
-188.0000E-03,+500.0000E-03
-187.5000E-03,-1.3090452E+00
-187.0000E-03,-304.0201E-03
-186.5000E-03,+97.9899E-03
-186.0000E-03,+97.9899E-03
-185.5000E-03,+500.0000E-03
-185.0000E-03,-304.0201E-03
-184.5000E-03,+801.5075E-03
-184.0000E-03,+2.9120603E+00
-183.5000E-03,+600.5025E-03
-183.0000E-03,-1.5100503E+00
-182.5000E-03,-2.0125628E+00
-182.0000E-03,-706.0302E-03
-181.5000E-03,-404.5226E-03
-181.0000E-03,+97.9899E-03
-180.5000E-03,-1.9120603E+00
-180.0000E-03,-1.5100503E+00
-179.5000E-03,+97.9899E-03
-179.0000E-03,+1.5050251E+00
-178.5000E-03,-1.1080402E+00
-178.0000E-03,-2.3140704E+00
-177.5000E-03,+97.9899E-03
-177.0000E-03,+902.0101E-03
-176.5000E-03,+2.1080402E+00
-176.0000E-03,+3.7160804E+00
-175.5000E-03,+1.6055276E+00
-175.0000E-03,-103.0151E-03
-174.5000E-03,-706.0302E-03
-174.0000E-03,-3.1180905E+00
-173.5000E-03,-2.7160804E+00
-173.0000E-03,-103.0151E-03
-172.5000E-03,-304.0201E-03
-172.0000E-03,-1.5100503E+00
-171.5000E-03,-1.2085427E+00
-171.0000E-03,-103.0151E-03
-170.5000E-03,+2.1080402E+00
-170.0000E-03,+1.7060302E+00
-169.5000E-03,+399.4975E-03
-169.0000E-03,-1.9120603E+00
-168.5000E-03,+97.9899E-03
-168.0000E-03,+2.1080402E+00
-167.5000E-03,+1.0025126E+00
-167.0000E-03,-1.1080402E+00
-166.5000E-03,-505.0251E-03
-166.0000E-03,+97.9899E-03
-165.5000E-03,-304.0201E-03
-165.0000E-03,+701.0050E-03
-164.5000E-03,-1.6105528E+00
-164.0000E-03,-1.5100503E+00
-163.5000E-03,-304.0201E-03
-163.0000E-03,-706.0302E-03
-162.5000E-03,-806.5327E-03
-162.0000E-03,-706.0302E-03
-161.5000E-03,+801.5075E-03
-161.0000E-03,+1.5050251E+00
-160.5000E-03,+1.2035176E+00
-160.0000E-03,+2.1080402E+00
-159.5000E-03,+2.4095478E+00
-159.0000E-03,+298.9950E-03
-158.5000E-03,-1.4095478E+00
-158.0000E-03,-3.1180905E+00
-157.5000E-03,-2.7160804E+00
-157.0000E-03,+902.0101E-03
-156.5000E-03,+1.2035176E+00
-156.0000E-03,-706.0302E-03
-155.5000E-03,-2.2135679E+00
-155.0000E-03,-706.0302E-03
-154.5000E-03,+600.5025E-03
-154.0000E-03,+1.3040201E+00
-153.5000E-03,+500.0000E-03
-153.0000E-03,-706.0302E-03
-152.5000E-03,+97.9899E-03
-152.0000E-03,+2.5100503E+00
-151.5000E-03,+2.6105528E+00
-151.0000E-03,-706.0302E-03
-150.5000E-03,-404.5226E-03
-150.0000E-03,-304.0201E-03
-149.5000E-03,-2.0125628E+00
-149.0000E-03,-304.0201E-03
-148.5000E-03,-1.0075377E+00
-148.0000E-03,-304.0201E-03
-147.5000E-03,+500.0000E-03
-147.0000E-03,+500.0000E-03
-146.5000E-03,-2.1130653E+00
-146.0000E-03,-1.1080402E+00
-145.5000E-03,-404.5226E-03
-145.0000E-03,-505.0251E-03
-144.5000E-03,-605.5276E-03
-144.0000E-03,+2.1080402E+00
-143.5000E-03,+4.4195980E+00
-143.0000E-03,+2.5100503E+00
-142.5000E-03,+2.1080402E+00
-142.0000E-03,-2.7160804E+00
-141.5000E-03,-3.1180905E+00
-141.0000E-03,-706.0302E-03
-140.5000E-03,+399.4975E-03
-140.0000E-03,-1.9120603E+00
-139.5000E-03,-1.4095478E+00
-139.0000E-03,-103.0151E-03
-138.5000E-03,+701.0050E-03
-138.0000E-03,+2.9120603E+00
-137.5000E-03,+399.4975E-03
-137.0000E-03,-1.7110553E+00
-136.5000E-03,-1.3090452E+00
-136.0000E-03,-304.0201E-03
-135.5000E-03,+1.3040201E+00
-135.0000E-03,+902.0101E-03
-134.5000E-03,+1.0025126E+00
-134.0000E-03,+2.1080402E+00
-133.5000E-03,-706.0302E-03
-133.0000E-03,-1.7110553E+00
-132.5000E-03,-1.2085427E+00
-132.0000E-03,-304.0201E-03
-131.5000E-03,-404.5226E-03
-131.0000E-03,-706.0302E-03
-130.5000E-03,-2.0125628E+00
-130.0000E-03,+97.9899E-03
-129.5000E-03,+500.0000E-03
-129.0000E-03,+902.0101E-03
-128.5000E-03,-806.5327E-03
-128.0000E-03,+500.0000E-03
-127.5000E-03,+2.5100503E+00
-127.0000E-03,+2.7110553E+00
-126.5000E-03,+1.4045226E+00
-126.0000E-03,-1.1080402E+00
-125.5000E-03,-1.9120603E+00
-125.0000E-03,-1.3090452E+00
-124.5000E-03,+1.5050251E+00
-124.0000E-03,-1.9120603E+00
-123.5000E-03,-2.6155779E+00
-123.0000E-03,-706.0302E-03
-122.5000E-03,-706.0302E-03
-122.0000E-03,+97.9899E-03
-121.5000E-03,+1.1030151E+00
-121.0000E-03,+97.9899E-03
-120.5000E-03,-605.5276E-03
-120.0000E-03,+500.0000E-03
-119.5000E-03,+298.9950E-03
-119.0000E-03,+701.0050E-03
-118.5000E-03,+1.1030151E+00
-118.0000E-03,+1.3040201E+00
-117.5000E-03,-1.8115578E+00
-117.0000E-03,-2.3140704E+00
-116.5000E-03,-806.5327E-03
-116.0000E-03,+902.0101E-03
-115.5000E-03,+701.0050E-03
-115.0000E-03,-304.0201E-03
-114.5000E-03,-3.1180905E+00
-114.0000E-03,-1.5100503E+00
-113.5000E-03,+600.5025E-03
-113.0000E-03,-706.0302E-03
-112.5000E-03,-1.1080402E+00
-112.0000E-03,+500.0000E-03
-111.5000E-03,+2.0075377E+00
-111.0000E-03,+3.5150754E+00
-110.5000E-03,+2.8115578E+00
-110.0000E-03,-706.0302E-03
-109.5000E-03,-2.3140704E+00
-109.0000E-03,-1.5100503E+00
-108.5000E-03,-806.5327E-03
-108.0000E-03,-1.9120603E+00
-107.5000E-03,-1.9120603E+00
-107.0000E-03,-103.0151E-03
-106.5000E-03,+500.0000E-03
-106.0000E-03,+500.0000E-03
-105.5000E-03,+902.0101E-03
-105.0000E-03,-505.0251E-03
-104.5000E-03,-1.0075377E+00
-104.0000E-03,-1.1080402E+00
-103.5000E-03,-1.4095478E+00
-103.0000E-03,+298.9950E-03
-102.5000E-03,+3.0125628E+00
-102.0000E-03,+2.9120603E+00
-101.5000E-03,+97.9899E-03
-101.0000E-03,-2.1130653E+00
-100.5000E-03,-2.1130653E+00
-100.0000E-03,-304.0201E-03
-99.5000E-03,-2.5126E-03
-99.0000E-03,-304.0201E-03
-98.5000E-03,-1.6105528E+00
-98.0000E-03,-1.1080402E+00
-97.5000E-03,+1.3040201E+00
-97.0000E-03,+500.0000E-03
-96.5000E-03,-1.6105528E+00
-96.0000E-03,-706.0302E-03
-95.5000E-03,+1.1030151E+00
-95.0000E-03,+902.0101E-03
-94.5000E-03,+2.2085427E+00
-94.0000E-03,+1.3040201E+00
-93.5000E-03,+801.5075E-03
-93.0000E-03,+298.9950E-03
-92.5000E-03,-907.0352E-03
-92.0000E-03,-2.7160804E+00
-91.5000E-03,-2.8165829E+00
-91.0000E-03,-1.1080402E+00
-90.5000E-03,-1.0075377E+00
-90.0000E-03,-1.1080402E+00
-89.5000E-03,+600.5025E-03
-89.0000E-03,+1.7060302E+00
-88.5000E-03,+902.0101E-03
-88.0000E-03,+500.0000E-03
-87.5000E-03,-1.8115578E+00
-87.0000E-03,-1.7110553E+00
-86.5000E-03,+1.7060302E+00
-86.0000E-03,+1.7060302E+00
-85.5000E-03,+97.9899E-03
-85.0000E-03,-907.0352E-03
-84.5000E-03,-1.0075377E+00
-84.0000E-03,-304.0201E-03
-83.5000E-03,+1.7060302E+00
-83.0000E-03,+97.9899E-03
-82.5000E-03,-1.8115578E+00
-82.0000E-03,-2.3140704E+00
-81.5000E-03,-806.5327E-03
-81.0000E-03,-706.0302E-03
-80.5000E-03,-1.8115578E+00
-80.0000E-03,-304.0201E-03
-79.5000E-03,+1.3040201E+00
-79.0000E-03,+701.0050E-03
-78.5000E-03,+2.0075377E+00
-78.0000E-03,+1.3040201E+00
-77.5000E-03,+1.7060302E+00
-77.0000E-03,+298.9950E-03
-76.5000E-03,-505.0251E-03
-76.0000E-03,-2.3140704E+00
-75.5000E-03,-1.2085427E+00
-75.0000E-03,-103.0151E-03
-74.5000E-03,-203.5176E-03
-74.0000E-03,-304.0201E-03
-73.5000E-03,-706.0302E-03
-73.0000E-03,+1.3040201E+00
-72.5000E-03,-203.5176E-03
-72.0000E-03,-706.0302E-03
-71.5000E-03,-1.6105528E+00
-71.0000E-03,-1.1080402E+00
-70.5000E-03,+1.7060302E+00
-70.0000E-03,+4.1180905E+00
-69.5000E-03,+701.0050E-03
-69.0000E-03,-706.0302E-03
-68.5000E-03,-505.0251E-03
-68.0000E-03,-1.9120603E+00
-67.5000E-03,-2.5126E-03
-67.0000E-03,-304.0201E-03
-66.5000E-03,-706.0302E-03
-66.0000E-03,-706.0302E-03
-65.5000E-03,-304.0201E-03
-65.0000E-03,-103.0151E-03
-64.5000E-03,-1.7110553E+00
-64.0000E-03,-304.0201E-03
-63.5000E-03,+399.4975E-03
-63.0000E-03,-505.0251E-03
-62.5000E-03,+97.9899E-03
-62.0000E-03,+2.5100503E+00
-61.5000E-03,+3.1130653E+00
-61.0000E-03,+2.7110553E+00
-60.5000E-03,+1.2035176E+00
-60.0000E-03,-2.7160804E+00
-59.5000E-03,-1.9120603E+00
-59.0000E-03,-1.3090452E+00
-58.5000E-03,-1.4095478E+00
-58.0000E-03,-1.5100503E+00
-57.5000E-03,-203.5176E-03
-57.0000E-03,+1.1030151E+00
-56.5000E-03,+1.6055276E+00
-56.0000E-03,+1.3040201E+00
-55.5000E-03,-1.8115578E+00
-55.0000E-03,-1.9120603E+00
-54.5000E-03,-203.5176E-03
-54.0000E-03,+1.7060302E+00
-53.5000E-03,+298.9950E-03
-53.0000E-03,+500.0000E-03
-52.5000E-03,+1.2035176E+00
-52.0000E-03,+97.9899E-03
-51.5000E-03,+97.9899E-03
-51.0000E-03,-505.0251E-03
-50.5000E-03,-1.3090452E+00
-50.0000E-03,-1.1080402E+00
-49.5000E-03,-1.2085427E+00
-49.0000E-03,-2.1130653E+00
-48.5000E-03,-304.0201E-03
-48.0000E-03,+500.0000E-03
-47.5000E-03,+1.2035176E+00
-47.0000E-03,-304.0201E-03
-46.5000E-03,-1.1080402E+00
-46.0000E-03,+500.0000E-03
-45.5000E-03,+2.1080402E+00
-45.0000E-03,+1.9070352E+00
-44.5000E-03,+1.2035176E+00
-44.0000E-03,-1.5100503E+00
-43.5000E-03,-1.6105528E+00
-43.0000E-03,+97.9899E-03
-42.5000E-03,-706.0302E-03
-42.0000E-03,-2.3140704E+00
-41.5000E-03,-1.1080402E+00
-41.0000E-03,-505.0251E-03
-40.5000E-03,-203.5176E-03
-40.0000E-03,+97.9899E-03
-39.5000E-03,-706.0302E-03
-39.0000E-03,-1.1080402E+00
-38.5000E-03,+399.4975E-03
-38.0000E-03,+1.7060302E+00
-37.5000E-03,+902.0101E-03
-37.0000E-03,-304.0201E-03
-36.5000E-03,+801.5075E-03
-36.0000E-03,+500.0000E-03
-35.5000E-03,-1.2085427E+00
-35.0000E-03,+97.9899E-03
-34.5000E-03,-404.5226E-03
-34.0000E-03,-304.0201E-03
-33.5000E-03,-2.5126E-03
-33.0000E-03,-2.3140704E+00
-32.5000E-03,-2.1130653E+00
-32.0000E-03,-304.0201E-03
-31.5000E-03,-2.5126E-03
-31.0000E-03,-1.7110553E+00
-30.5000E-03,-1.1080402E+00
-30.0000E-03,+97.9899E-03
-29.5000E-03,+2.8115578E+00
-29.0000E-03,+3.3140704E+00
-28.5000E-03,+2.2085427E+00
-28.0000E-03,-706.0302E-03
-27.5000E-03,-1.6105528E+00
-27.0000E-03,-706.0302E-03
-26.5000E-03,-1.4095478E+00
-26.0000E-03,-1.5100503E+00
-25.5000E-03,-203.5176E-03
-25.0000E-03,+701.0050E-03
-24.5000E-03,+97.9899E-03
-24.0000E-03,+1.3040201E+00
-23.5000E-03,-1.3090452E+00
-23.0000E-03,-907.0352E-03
-22.5000E-03,-404.5226E-03
-22.0000E-03,-304.0201E-03
-21.5000E-03,-304.0201E-03
-21.0000E-03,+902.0101E-03
-20.5000E-03,+1.9070352E+00
-20.0000E-03,+1.7060302E+00
-19.5000E-03,+198.4925E-03
-19.0000E-03,-505.0251E-03
-18.5000E-03,-304.0201E-03
-18.0000E-03,-706.0302E-03
-17.5000E-03,-1.5100503E+00
-17.0000E-03,-2.1130653E+00
-16.5000E-03,-1.9120603E+00
-16.0000E-03,+1.3040201E+00
-15.5000E-03,+1.4045226E+00
-15.0000E-03,-505.0251E-03
-14.5000E-03,-2.2135679E+00
-14.0000E-03,-706.0302E-03
-13.5000E-03,+902.0101E-03
-13.0000E-03,+1.9070352E+00
-12.5000E-03,+2.2085427E+00
-12.0000E-03,+902.0101E-03
-11.5000E-03,-203.5176E-03
-11.0000E-03,-304.0201E-03
-10.5000E-03,-706.0302E-03
-10.0000E-03,-2.7160804E+00
-9.5000E-03,-1.5100503E+00
-9.0000E-03,-304.0201E-03
-8.5000E-03,-1.3090452E+00
-8.0000E-03,-304.0201E-03
-7.5000E-03,-304.0201E-03
-7.0000E-03,-103.0151E-03
-6.5000E-03,+500.0000E-03
-6.0000E-03,+500.0000E-03
-5.5000E-03,-1.5100503E+00
-5.0000E-03,-304.0201E-03
-4.5000E-03,+1.4045226E+00
-4.0000E-03,+902.0101E-03
-3.5000E-03,+298.9950E-03
-3.0000E-03,+500.0000E-03
-2.5000E-03,+801.5075E-03
-2.0000E-03,+500.0000E-03
-1.5000E-03,-203.5176E-03
-1.0000E-03,-2.7160804E+00
-500.0E-06,-2.6155779E+00
+0.0E+00,-706.0302E-03
+500.0E-06,+701.0050E-03
+1.0000E-03,-1.1080402E+00
+1.5000E-03,-1.6105528E+00
+2.0000E-03,+97.9899E-03
+2.5000E-03,+298.9950E-03
+3.0000E-03,+2.5100503E+00
+3.5000E-03,+2.1080402E+00
+4.0000E-03,+1.7060302E+00
+4.5000E-03,+600.5025E-03
+5.0000E-03,-706.0302E-03
+5.5000E-03,-1.4095478E+00
+6.0000E-03,-1.9120603E+00
+6.5000E-03,-2.5126E-03
+7.0000E-03,+701.0050E-03
+7.5000E-03,+97.9899E-03
+8.0000E-03,-706.0302E-03
+8.5000E-03,-706.0302E-03
+9.0000E-03,+97.9899E-03
+9.5000E-03,-2.5126E-03
+10.0000E-03,-1.1080402E+00
+10.5000E-03,-2.6155779E+00
+11.0000E-03,+97.9899E-03
+11.5000E-03,+1.7060302E+00
+12.0000E-03,+2.1080402E+00
+12.5000E-03,+902.0101E-03
+13.0000E-03,+298.9950E-03
+13.5000E-03,+500.0000E-03
+14.0000E-03,-706.0302E-03
+14.5000E-03,-1.4095478E+00
+15.0000E-03,-2.1130653E+00
+15.5000E-03,-1.6105528E+00
+16.0000E-03,+97.9899E-03
+16.5000E-03,+1.7060302E+00
+17.0000E-03,-907.0352E-03
+17.5000E-03,-1.8115578E+00
+18.0000E-03,-706.0302E-03
+18.5000E-03,-505.0251E-03
+19.0000E-03,+97.9899E-03
+19.5000E-03,+1.1030151E+00
+20.0000E-03,+1.7060302E+00
+20.5000E-03,+2.2085427E+00
+21.0000E-03,+1.7060302E+00
+21.5000E-03,-706.0302E-03
+22.0000E-03,-1.9120603E+00
+22.5000E-03,-1.4095478E+00
+23.0000E-03,-505.0251E-03
+23.5000E-03,-1.5100503E+00
+24.0000E-03,-2.3140704E+00
+24.5000E-03,-404.5226E-03
+25.0000E-03,+1.3040201E+00
+25.5000E-03,+1.8065327E+00
+26.0000E-03,+500.0000E-03
+26.5000E-03,-2.6155779E+00
+27.0000E-03,-1.7110553E+00
+27.5000E-03,+801.5075E-03
+28.0000E-03,+902.0101E-03
+28.5000E-03,+198.4925E-03
+29.0000E-03,+1.9070352E+00
+29.5000E-03,+1.6055276E+00
+30.0000E-03,+1.3040201E+00
+30.5000E-03,+97.9899E-03
+31.0000E-03,-2.1130653E+00
+31.5000E-03,-1.5100503E+00
+32.0000E-03,-1.5100503E+00
+32.5000E-03,-304.0201E-03
+33.0000E-03,-907.0352E-03
+33.5000E-03,-806.5327E-03
+34.0000E-03,+97.9899E-03
+34.5000E-03,+902.0101E-03
+35.0000E-03,-304.0201E-03
+35.5000E-03,+500.0000E-03
+36.0000E-03,+1.3040201E+00
+36.5000E-03,+1.9070352E+00
+37.0000E-03,+902.0101E-03
+37.5000E-03,-806.5327E-03
+38.0000E-03,-706.0302E-03
+38.5000E-03,-2.5126E-03
+39.0000E-03,+500.0000E-03
+39.5000E-03,-1.3090452E+00
+40.0000E-03,-1.9120603E+00
+40.5000E-03,-1.5100503E+00
+41.0000E-03,+97.9899E-03
+41.5000E-03,+902.0101E-03
+42.0000E-03,+500.0000E-03
+42.5000E-03,-1.0075377E+00
+43.0000E-03,-1.5100503E+00
+43.5000E-03,+701.0050E-03
+44.0000E-03,+1.3040201E+00
+44.5000E-03,-304.0201E-03
+45.0000E-03,+1.3040201E+00
+45.5000E-03,+1.7060302E+00
+46.0000E-03,+500.0000E-03
+46.5000E-03,-304.0201E-03
+47.0000E-03,-505.0251E-03
+47.5000E-03,-806.5327E-03
+48.0000E-03,-304.0201E-03
+48.5000E-03,-103.0151E-03
+49.0000E-03,-1.5100503E+00
+49.5000E-03,-1.7110553E+00
+50.0000E-03,-706.0302E-03
+50.5000E-03,-1.0075377E+00
+51.0000E-03,-907.0352E-03
+51.5000E-03,+198.4925E-03
+52.0000E-03,+1.7060302E+00
+52.5000E-03,+2.1080402E+00
+53.0000E-03,+2.3090452E+00
+53.5000E-03,+298.9950E-03
+54.0000E-03,-1.1080402E+00
+54.5000E-03,+600.5025E-03
+55.0000E-03,-304.0201E-03
+55.5000E-03,-2.2135679E+00
+56.0000E-03,-1.1080402E+00
+56.5000E-03,-505.0251E-03
+57.0000E-03,+97.9899E-03
+57.5000E-03,+1.6055276E+00
+58.0000E-03,+97.9899E-03
+58.5000E-03,-1.1080402E+00
+59.0000E-03,-1.5100503E+00
+59.5000E-03,-1.5100503E+00
+60.0000E-03,-304.0201E-03
+60.5000E-03,-304.0201E-03
+61.0000E-03,+1.7060302E+00
+61.5000E-03,+2.9120603E+00
+62.0000E-03,+902.0101E-03
+62.5000E-03,+801.5075E-03
+63.0000E-03,-1.1080402E+00
+63.5000E-03,-1.1080402E+00
+64.0000E-03,-706.0302E-03
+64.5000E-03,-1.0075377E+00
+65.0000E-03,-2.1130653E+00
+65.5000E-03,-706.0302E-03
+66.0000E-03,+500.0000E-03
+66.5000E-03,+801.5075E-03
+67.0000E-03,-706.0302E-03
+67.5000E-03,-1.4095478E+00
+68.0000E-03,-304.0201E-03
+68.5000E-03,+902.0101E-03
+69.0000E-03,+902.0101E-03
+69.5000E-03,+399.4975E-03
+70.0000E-03,+97.9899E-03
+70.5000E-03,+600.5025E-03
+71.0000E-03,+1.5050251E+00
+71.5000E-03,-1.7110553E+00
+72.0000E-03,-1.9120603E+00
+72.5000E-03,-1.4095478E+00
+73.0000E-03,-1.1080402E+00
+73.5000E-03,-404.5226E-03
+74.0000E-03,+500.0000E-03
+74.5000E-03,+198.4925E-03
+75.0000E-03,-103.0151E-03
+75.5000E-03,-1.0075377E+00
+76.0000E-03,-304.0201E-03
+76.5000E-03,-1.3090452E+00
+77.0000E-03,+902.0101E-03
+77.5000E-03,+1.7060302E+00
+78.0000E-03,+1.7060302E+00
+78.5000E-03,+198.4925E-03
+79.0000E-03,+298.9950E-03
+79.5000E-03,+600.5025E-03
+80.0000E-03,+500.0000E-03
+80.5000E-03,-304.0201E-03
+81.0000E-03,-2.9170855E+00
+81.5000E-03,-1.5100503E+00
+82.0000E-03,-1.1080402E+00
+82.5000E-03,-806.5327E-03
+83.0000E-03,-1.3090452E+00
+83.5000E-03,-2.5126E-03
+84.0000E-03,+500.0000E-03
+84.5000E-03,+1.4045226E+00
+85.0000E-03,+1.9070352E+00
+85.5000E-03,+97.9899E-03
+86.0000E-03,+902.0101E-03
+86.5000E-03,+801.5075E-03
+87.0000E-03,+1.1030151E+00
+87.5000E-03,-1.4095478E+00
+88.0000E-03,-1.5100503E+00
+88.5000E-03,-706.0302E-03
+89.0000E-03,-304.0201E-03
+89.5000E-03,+500.0000E-03
+90.0000E-03,+97.9899E-03
+90.5000E-03,-605.5276E-03
+91.0000E-03,-706.0302E-03
+91.5000E-03,-1.1080402E+00
+92.0000E-03,-2.3140704E+00
+92.5000E-03,-1.4095478E+00
+93.0000E-03,+902.0101E-03
+93.5000E-03,+2.0075377E+00
+94.0000E-03,+1.7060302E+00
+94.5000E-03,+198.4925E-03
+95.0000E-03,+298.9950E-03
+95.5000E-03,-2.5126E-03
+96.0000E-03,+97.9899E-03
+96.5000E-03,-203.5176E-03
+97.0000E-03,-2.3140704E+00
+97.5000E-03,-1.5100503E+00
+98.0000E-03,+500.0000E-03
+98.5000E-03,+97.9899E-03
+99.0000E-03,-1.1080402E+00
+99.5000E-03,-605.5276E-03
+100.0000E-03,-706.0302E-03
+100.5000E-03,-103.0151E-03
+101.0000E-03,+298.9950E-03
+101.5000E-03,+801.5075E-03
+102.0000E-03,+1.3040201E+00
+102.5000E-03,+1.7060302E+00
+103.0000E-03,+2.3090452E+00
+103.5000E-03,-203.5176E-03
+104.0000E-03,-1.9120603E+00
+104.5000E-03,-1.0075377E+00
+105.0000E-03,-505.0251E-03
+105.5000E-03,-1.2085427E+00
+106.0000E-03,+97.9899E-03
+106.5000E-03,+902.0101E-03
+107.0000E-03,+500.0000E-03
+107.5000E-03,+801.5075E-03
+108.0000E-03,-1.5100503E+00
+108.5000E-03,-2.6155779E+00
+109.0000E-03,-103.0151E-03
+109.5000E-03,+701.0050E-03
+110.0000E-03,+500.0000E-03
+110.5000E-03,+1.1030151E+00
+111.0000E-03,+902.0101E-03
+111.5000E-03,+2.1080402E+00
+112.0000E-03,+1.7060302E+00
+112.5000E-03,-203.5176E-03
+113.0000E-03,-2.1130653E+00
+113.5000E-03,-2.6155779E+00
+114.0000E-03,-706.0302E-03
+114.5000E-03,-1.1080402E+00
+115.0000E-03,-1.3090452E+00
+115.5000E-03,+600.5025E-03
+116.0000E-03,+97.9899E-03
+116.5000E-03,-304.0201E-03
+117.0000E-03,+701.0050E-03
+117.5000E-03,-103.0151E-03
+118.0000E-03,+500.0000E-03
+118.5000E-03,+1.5050251E+00
+119.0000E-03,+902.0101E-03
+119.5000E-03,-203.5176E-03
+120.0000E-03,-304.0201E-03
+120.5000E-03,-2.5126E-03
+121.0000E-03,+97.9899E-03
+121.5000E-03,-706.0302E-03
+122.0000E-03,-706.0302E-03
+122.5000E-03,+97.9899E-03
+123.0000E-03,-103.0151E-03
+123.5000E-03,+198.4925E-03
+124.0000E-03,-1.5100503E+00
+124.5000E-03,-2.0125628E+00
+125.0000E-03,+298.9950E-03
+125.5000E-03,+1.6055276E+00
+126.0000E-03,+500.0000E-03
+126.5000E-03,+500.0000E-03
+127.0000E-03,+701.0050E-03
+127.5000E-03,+1.2035176E+00
+128.0000E-03,+500.0000E-03
+128.5000E-03,+801.5075E-03
+129.0000E-03,-907.0352E-03
+129.5000E-03,-1.1080402E+00
+130.0000E-03,-1.1080402E+00
+130.5000E-03,-304.0201E-03
+131.0000E-03,-1.7110553E+00
+131.5000E-03,-404.5226E-03
+132.0000E-03,+97.9899E-03
+132.5000E-03,-806.5327E-03
+133.0000E-03,-706.0302E-03
+133.5000E-03,-203.5176E-03
+134.0000E-03,+902.0101E-03
+134.5000E-03,+2.8115578E+00
+135.0000E-03,+1.9070352E+00
+135.5000E-03,-203.5176E-03
+136.0000E-03,+97.9899E-03
+136.5000E-03,-203.5176E-03
+137.0000E-03,-1.1080402E+00
+137.5000E-03,-1.5100503E+00
+138.0000E-03,-706.0302E-03
+138.5000E-03,-103.0151E-03
+139.0000E-03,+500.0000E-03
+139.5000E-03,+1.0025126E+00
+140.0000E-03,-706.0302E-03
+140.5000E-03,-2.0125628E+00
+141.0000E-03,-706.0302E-03
+141.5000E-03,+500.0000E-03
+142.0000E-03,-1.5100503E+00
+142.5000E-03,+97.9899E-03
+143.0000E-03,+1.3040201E+00
+143.5000E-03,+1.9070352E+00
+144.0000E-03,+2.9120603E+00
+144.5000E-03,+1.1030151E+00
+145.0000E-03,-505.0251E-03
+145.5000E-03,-706.0302E-03
+146.0000E-03,-1.9120603E+00
+146.5000E-03,-1.9120603E+00
+147.0000E-03,-1.9120603E+00
+147.5000E-03,-103.0151E-03
+148.0000E-03,+902.0101E-03
+148.5000E-03,+500.0000E-03
+149.0000E-03,-1.1080402E+00
+149.5000E-03,-1.4095478E+00
+150.0000E-03,+97.9899E-03
+150.5000E-03,+500.0000E-03
+151.0000E-03,+1.3040201E+00
+151.5000E-03,-304.0201E-03
+152.0000E-03,+902.0101E-03
+152.5000E-03,+1.3040201E+00
+153.0000E-03,+902.0101E-03
+153.5000E-03,-907.0352E-03
+154.0000E-03,-1.1080402E+00
+154.5000E-03,-806.5327E-03
+155.0000E-03,-505.0251E-03
+155.5000E-03,-706.0302E-03
+156.0000E-03,-1.1080402E+00
+156.5000E-03,-103.0151E-03
+157.0000E-03,-706.0302E-03
+157.5000E-03,+1.2035176E+00
+158.0000E-03,-1.1080402E+00
+158.5000E-03,-706.0302E-03
+159.0000E-03,+902.0101E-03
+159.5000E-03,+701.0050E-03
+160.0000E-03,+1.3040201E+00
+160.5000E-03,+1.4045226E+00
+161.0000E-03,+902.0101E-03
+161.5000E-03,+399.4975E-03
+162.0000E-03,+97.9899E-03
+162.5000E-03,-2.4145729E+00
+163.0000E-03,-2.1130653E+00
+163.5000E-03,-1.0075377E+00
+164.0000E-03,+97.9899E-03
+164.5000E-03,-203.5176E-03
+165.0000E-03,-1.3090452E+00
+165.5000E-03,-706.0302E-03
+166.0000E-03,+500.0000E-03
+166.5000E-03,+2.0075377E+00
+167.0000E-03,+1.9070352E+00
+167.5000E-03,-505.0251E-03
+168.0000E-03,-304.0201E-03
+168.5000E-03,+902.0101E-03
+169.0000E-03,+298.9950E-03
+169.5000E-03,-907.0352E-03
+170.0000E-03,+97.9899E-03
+170.5000E-03,-2.5126E-03
+171.0000E-03,+298.9950E-03
+171.5000E-03,+97.9899E-03
+172.0000E-03,-1.1080402E+00
+172.5000E-03,-605.5276E-03
+173.0000E-03,-1.1080402E+00
+173.5000E-03,-505.0251E-03
+174.0000E-03,-1.9120603E+00
+174.5000E-03,-1.1080402E+00
+175.0000E-03,+500.0000E-03
+175.5000E-03,+2.0075377E+00
+176.0000E-03,+1.3040201E+00
+176.5000E-03,+1.3040201E+00
+177.0000E-03,+1.1030151E+00
+177.5000E-03,+801.5075E-03
+178.0000E-03,-304.0201E-03
+178.5000E-03,-2.4145729E+00
+179.0000E-03,-2.5150754E+00
+179.5000E-03,+399.4975E-03
+180.0000E-03,+500.0000E-03
+180.5000E-03,-203.5176E-03
+181.0000E-03,-304.0201E-03
+181.5000E-03,-1.5100503E+00
+182.0000E-03,-1.1080402E+00
+182.5000E-03,+97.9899E-03
+183.0000E-03,+97.9899E-03
+183.5000E-03,+500.0000E-03
+184.0000E-03,+97.9899E-03
+184.5000E-03,+1.7060302E+00
+185.0000E-03,+1.3040201E+00
+185.5000E-03,-304.0201E-03
+186.0000E-03,-304.0201E-03
+186.5000E-03,-605.5276E-03
+187.0000E-03,-1.3090452E+00
+187.5000E-03,-1.1080402E+00
+188.0000E-03,-304.0201E-03
+188.5000E-03,+399.4975E-03
+189.0000E-03,+701.0050E-03
+189.5000E-03,+97.9899E-03
+190.0000E-03,-2.3140704E+00
+190.5000E-03,-1.4095478E+00
+191.0000E-03,-505.0251E-03
+191.5000E-03,+500.0000E-03
+192.0000E-03,+97.9899E-03
+192.5000E-03,+1.1030151E+00
+193.0000E-03,+1.7060302E+00
+193.5000E-03,+1.5050251E+00
+194.0000E-03,+1.7060302E+00
+194.5000E-03,-1.0075377E+00
+195.0000E-03,-3.1180905E+00
+195.5000E-03,-1.2085427E+00
+196.0000E-03,-304.0201E-03
+196.5000E-03,-1.7110553E+00
+197.0000E-03,-907.0352E-03
+197.5000E-03,-203.5176E-03
+198.0000E-03,-304.0201E-03
+198.5000E-03,+801.5075E-03
+199.0000E-03,+97.9899E-03
+199.5000E-03,-103.0151E-03
+200.0000E-03,+97.9899E-03
+200.5000E-03,-203.5176E-03
+201.0000E-03,+701.0050E-03
+201.5000E-03,-203.5176E-03
+202.0000E-03,+500.0000E-03
+202.5000E-03,+801.5075E-03
+203.0000E-03,-103.0151E-03
+203.5000E-03,-605.5276E-03
+204.0000E-03,-1.5100503E+00
+204.5000E-03,-505.0251E-03
+205.0000E-03,-103.0151E-03
+205.5000E-03,-304.0201E-03
+206.0000E-03,-1.9120603E+00
+206.5000E-03,-1.0075377E+00
+207.0000E-03,-706.0302E-03
+207.5000E-03,-2.5126E-03
+208.0000E-03,+902.0101E-03
+208.5000E-03,+198.4925E-03
+209.0000E-03,+1.1030151E+00
+209.5000E-03,+1.1030151E+00
+210.0000E-03,+902.0101E-03
+210.5000E-03,-304.0201E-03
+211.0000E-03,-1.5100503E+00
+211.5000E-03,-907.0352E-03
+212.0000E-03,+97.9899E-03
+212.5000E-03,-706.0302E-03
+213.0000E-03,-1.3090452E+00
+213.5000E-03,-605.5276E-03
+214.0000E-03,-1.1080402E+00
+214.5000E-03,-304.0201E-03
+215.0000E-03,-304.0201E-03
+215.5000E-03,+198.4925E-03
+216.0000E-03,+1.3040201E+00
+216.5000E-03,+902.0101E-03
+217.0000E-03,+500.0000E-03
+217.5000E-03,-203.5176E-03
+218.0000E-03,+902.0101E-03
+218.5000E-03,+600.5025E-03
+219.0000E-03,-706.0302E-03
+219.5000E-03,-1.4095478E+00
+220.0000E-03,-1.1080402E+00
+220.5000E-03,+399.4975E-03
+221.0000E-03,+1.3040201E+00
+221.5000E-03,+1.3040201E+00
+222.0000E-03,-1.5100503E+00
+222.5000E-03,-1.6105528E+00
+223.0000E-03,-706.0302E-03
+223.5000E-03,-1.1080402E+00
+224.0000E-03,-706.0302E-03
+224.5000E-03,+902.0101E-03
+225.0000E-03,+1.3040201E+00
+225.5000E-03,+2.0075377E+00
+226.0000E-03,+2.1080402E+00
+226.5000E-03,+198.4925E-03
+227.0000E-03,-505.0251E-03
+227.5000E-03,-1.3090452E+00
+228.0000E-03,-706.0302E-03
+228.5000E-03,-1.9120603E+00
+229.0000E-03,-1.3090452E+00
+229.5000E-03,+97.9899E-03
+230.0000E-03,+97.9899E-03
+230.5000E-03,+298.9950E-03
+231.0000E-03,-505.0251E-03
+231.5000E-03,-304.0201E-03
+232.0000E-03,+97.9899E-03
+232.5000E-03,+298.9950E-03
+233.0000E-03,-907.0352E-03
+233.5000E-03,+198.4925E-03
+234.0000E-03,+1.7060302E+00
+234.5000E-03,+2.2085427E+00
+235.0000E-03,+1.1030151E+00
+235.5000E-03,-1.7110553E+00
+236.0000E-03,-2.3140704E+00
+236.5000E-03,-1.1080402E+00
+237.0000E-03,-304.0201E-03
+237.5000E-03,+97.9899E-03
+238.0000E-03,-1.1080402E+00
+238.5000E-03,-1.0075377E+00
+239.0000E-03,-304.0201E-03
+239.5000E-03,-304.0201E-03
+240.0000E-03,-706.0302E-03
+240.5000E-03,-2.5126E-03
+241.0000E-03,+500.0000E-03
+241.5000E-03,+1.2035176E+00
+242.0000E-03,+902.0101E-03
+242.5000E-03,+1.0025126E+00
+243.0000E-03,+701.0050E-03
+243.5000E-03,+198.4925E-03
+244.0000E-03,+500.0000E-03
+244.5000E-03,-1.5100503E+00
+245.0000E-03,-1.7110553E+00
+245.5000E-03,-806.5327E-03
+246.0000E-03,-304.0201E-03
+246.5000E-03,-1.1080402E+00
+247.0000E-03,-706.0302E-03
+247.5000E-03,-103.0151E-03
+248.0000E-03,+500.0000E-03
+248.5000E-03,+1.4045226E+00
+249.0000E-03,-103.0151E-03
+249.5000E-03,-1.1080402E+00
+250.0000E-03,+902.0101E-03
+250.5000E-03,+1.6055276E+00
+251.0000E-03,-103.0151E-03
+251.5000E-03,-304.0201E-03
+252.0000E-03,-706.0302E-03
+252.5000E-03,-605.5276E-03
+253.0000E-03,+902.0101E-03
+253.5000E-03,+399.4975E-03
+254.0000E-03,-706.0302E-03
+254.5000E-03,-1.8115578E+00
+255.0000E-03,-706.0302E-03
+255.5000E-03,-1.9120603E+00
+256.0000E-03,-1.9120603E+00
+256.5000E-03,+399.4975E-03
+257.0000E-03,+1.3040201E+00
+257.5000E-03,+1.5050251E+00
+258.0000E-03,+1.7060302E+00
+258.5000E-03,+500.0000E-03
+259.0000E-03,+902.0101E-03
+259.5000E-03,+1.3040201E+00
+260.0000E-03,-706.0302E-03
+260.5000E-03,-2.6155779E+00
+261.0000E-03,-1.3090452E+00
+261.5000E-03,-605.5276E-03
+262.0000E-03,-304.0201E-03
+262.5000E-03,-2.5126E-03
+263.0000E-03,-706.0302E-03
+263.5000E-03,-404.5226E-03
+264.0000E-03,-304.0201E-03
+264.5000E-03,-2.5126E-03
+265.0000E-03,-505.0251E-03
+265.5000E-03,-605.5276E-03
+266.0000E-03,+1.3040201E+00
+266.5000E-03,+2.5100503E+00
+267.0000E-03,+1.1030151E+00
+267.5000E-03,+298.9950E-03
+268.0000E-03,-1.1080402E+00
+268.5000E-03,-1.1080402E+00
+269.0000E-03,-304.0201E-03
+269.5000E-03,-605.5276E-03
+270.0000E-03,-706.0302E-03
+270.5000E-03,+97.9899E-03
+271.0000E-03,-304.0201E-03
+271.5000E-03,-907.0352E-03
+272.0000E-03,-1.5100503E+00
+272.5000E-03,-706.0302E-03
+273.0000E-03,+500.0000E-03
+273.5000E-03,-304.0201E-03
+274.0000E-03,-304.0201E-03
+274.5000E-03,+902.0101E-03
+275.0000E-03,+1.3040201E+00
+275.5000E-03,+2.2085427E+00
+276.0000E-03,+1.7060302E+00
+276.5000E-03,-1.3090452E+00
+277.0000E-03,-1.9120603E+00
+277.5000E-03,-1.4095478E+00
+278.0000E-03,-706.0302E-03
+278.5000E-03,-706.0302E-03
+279.0000E-03,-304.0201E-03
+279.5000E-03,-2.5126E-03
+280.0000E-03,-304.0201E-03
+280.5000E-03,+399.4975E-03
+281.0000E-03,-304.0201E-03
+281.5000E-03,-1.0075377E+00
+282.0000E-03,-304.0201E-03
+282.5000E-03,+902.0101E-03
+283.0000E-03,-103.0151E-03
+283.5000E-03,+500.0000E-03
+284.0000E-03,+902.0101E-03
+284.5000E-03,-203.5176E-03
+285.0000E-03,+298.9950E-03
+285.5000E-03,-103.0151E-03
+286.0000E-03,-1.1080402E+00
+286.5000E-03,-605.5276E-03
+287.0000E-03,-706.0302E-03
+287.5000E-03,-1.8115578E+00
+288.0000E-03,-1.5100503E+00
+288.5000E-03,-2.5126E-03
+289.0000E-03,+500.0000E-03
+289.5000E-03,+801.5075E-03
+290.0000E-03,+97.9899E-03
+290.5000E-03,+500.0000E-03
+291.0000E-03,+1.3040201E+00
+291.5000E-03,+1.5050251E+00
+292.0000E-03,+1.3040201E+00
+292.5000E-03,-1.3090452E+00
+293.0000E-03,-1.1080402E+00
+293.5000E-03,-605.5276E-03
+294.0000E-03,-304.0201E-03
+294.5000E-03,-505.0251E-03
+295.0000E-03,-907.0352E-03
+295.5000E-03,-806.5327E-03
+296.0000E-03,-706.0302E-03
+296.5000E-03,-907.0352E-03
+297.0000E-03,-907.0352E-03
+297.5000E-03,-2.5126E-03
+298.0000E-03,-304.0201E-03
+298.5000E-03,+1.6055276E+00
+299.0000E-03,+500.0000E-03
+299.5000E-03,+198.4925E-03
+300.0000E-03,+902.0101E-03
+300.5000E-03,+97.9899E-03
+301.0000E-03,-706.0302E-03
+301.5000E-03,-1.0075377E+00
+302.0000E-03,-304.0201E-03
+302.5000E-03,+97.9899E-03
+303.0000E-03,+701.0050E-03
+303.5000E-03,-907.0352E-03
+304.0000E-03,-2.3140704E+00
+304.5000E-03,-404.5226E-03
+305.0000E-03,-505.0251E-03
+305.5000E-03,-505.0251E-03
+306.0000E-03,-706.0302E-03
+306.5000E-03,+97.9899E-03
+307.0000E-03,+1.5050251E+00
+307.5000E-03,+2.5100503E+00
+308.0000E-03,+2.1080402E+00
+308.5000E-03,+399.4975E-03
+309.0000E-03,-1.7110553E+00
+309.5000E-03,-1.1080402E+00
+310.0000E-03,-1.5100503E+00
+310.5000E-03,-1.8115578E+00
+311.0000E-03,-103.0151E-03
+311.5000E-03,-2.5126E-03
+312.0000E-03,+97.9899E-03
+312.5000E-03,+97.9899E-03
+313.0000E-03,-1.1080402E+00
+313.5000E-03,-706.0302E-03
+314.0000E-03,-304.0201E-03
+314.5000E-03,+97.9899E-03
+315.0000E-03,-505.0251E-03
+315.5000E-03,+801.5075E-03
+316.0000E-03,+902.0101E-03
+316.5000E-03,+1.7060302E+00
+317.0000E-03,+97.9899E-03
+317.5000E-03,-706.0302E-03
+318.0000E-03,-1.1080402E+00
+318.5000E-03,-404.5226E-03
+319.0000E-03,+298.9950E-03
+319.5000E-03,-1.5100503E+00
+320.0000E-03,-1.9120603E+00
+320.5000E-03,-806.5327E-03
+321.0000E-03,+97.9899E-03
+321.5000E-03,+97.9899E-03
+322.0000E-03,-1.1080402E+00
+322.5000E-03,-1.1080402E+00
+323.0000E-03,+97.9899E-03
+323.5000E-03,+1.3040201E+00
+324.0000E-03,+2.1080402E+00
+324.5000E-03,+1.6055276E+00
+325.0000E-03,+298.9950E-03
+325.5000E-03,-404.5226E-03
+326.0000E-03,-706.0302E-03
+326.5000E-03,-1.5100503E+00
+327.0000E-03,-907.0352E-03
+327.5000E-03,+198.4925E-03
+328.0000E-03,-706.0302E-03
+328.5000E-03,-1.1080402E+00
+329.0000E-03,-1.1080402E+00
+329.5000E-03,-203.5176E-03
+330.0000E-03,+902.0101E-03
+330.5000E-03,+902.0101E-03
+331.0000E-03,-907.0352E-03
+331.5000E-03,-304.0201E-03
+332.0000E-03,+1.3040201E+00
+332.5000E-03,+1.0025126E+00
+333.0000E-03,+97.9899E-03
+333.5000E-03,-605.5276E-03
+334.0000E-03,-304.0201E-03
+334.5000E-03,+97.9899E-03
+335.0000E-03,+500.0000E-03
+335.5000E-03,-404.5226E-03
+336.0000E-03,-2.7160804E+00
+336.5000E-03,-907.0352E-03
+337.0000E-03,-103.0151E-03
+337.5000E-03,-1.1080402E+00
+338.0000E-03,-706.0302E-03
+338.5000E-03,-404.5226E-03
+339.0000E-03,+500.0000E-03
+339.5000E-03,+1.3040201E+00
+340.0000E-03,+2.1080402E+00
+340.5000E-03,+1.0025126E+00
+341.0000E-03,+1.1030151E+00
+341.5000E-03,-404.5226E-03
+342.0000E-03,-1.1080402E+00
+342.5000E-03,-1.6105528E+00
+343.0000E-03,-505.0251E-03
+343.5000E-03,+500.0000E-03
+344.0000E-03,+97.9899E-03
+344.5000E-03,-706.0302E-03
+345.0000E-03,-907.0352E-03
+345.5000E-03,-404.5226E-03
+346.0000E-03,+97.9899E-03
+346.5000E-03,+298.9950E-03
+347.0000E-03,-1.5100503E+00
+347.5000E-03,-203.5176E-03
+348.0000E-03,+500.0000E-03
+348.5000E-03,+1.7060302E+00
+349.0000E-03,+1.3040201E+00
+349.5000E-03,+97.9899E-03
+350.0000E-03,-304.0201E-03
+350.5000E-03,
+351.0000E-03,
+351.5000E-03,
+352.0000E-03,
+352.5000E-03,
+353.0000E-03,
+353.5000E-03,
+354.0000E-03,
+354.5000E-03,
+355.0000E-03,
+355.5000E-03,
+356.0000E-03,
+356.5000E-03,
+357.0000E-03,
+357.5000E-03,
+358.0000E-03,
+358.5000E-03,
+359.0000E-03,
+359.5000E-03,
+360.0000E-03,
+360.5000E-03,
+361.0000E-03,
+361.5000E-03,
+362.0000E-03,
+362.5000E-03,
+363.0000E-03,
+363.5000E-03,
+364.0000E-03,
+364.5000E-03,
+365.0000E-03,
+365.5000E-03,
+366.0000E-03,
+366.5000E-03,
+367.0000E-03,
+367.5000E-03,
+368.0000E-03,
+368.5000E-03,
+369.0000E-03,
+369.5000E-03,
+370.0000E-03,
+370.5000E-03,
+371.0000E-03,
+371.5000E-03,
+372.0000E-03,
+372.5000E-03,
+373.0000E-03,
+373.5000E-03,
+374.0000E-03,
+374.5000E-03,
+375.0000E-03,
+375.5000E-03,
+376.0000E-03,
+376.5000E-03,
+377.0000E-03,
+377.5000E-03,
+378.0000E-03,
+378.5000E-03,
+379.0000E-03,
+379.5000E-03,
+380.0000E-03,
+380.5000E-03,
+381.0000E-03,
+381.5000E-03,
+382.0000E-03,
+382.5000E-03,
+383.0000E-03,
+383.5000E-03,
+384.0000E-03,
+384.5000E-03,
+385.0000E-03,
+385.5000E-03,
+386.0000E-03,
+386.5000E-03,
+387.0000E-03,
+387.5000E-03,
+388.0000E-03,
+388.5000E-03,
+389.0000E-03,
+389.5000E-03,
+390.0000E-03,
+390.5000E-03,
+391.0000E-03,
+391.5000E-03,
+392.0000E-03,
+392.5000E-03,
+393.0000E-03,
+393.5000E-03,
+394.0000E-03,
+394.5000E-03,
+395.0000E-03,
+395.5000E-03,
+396.0000E-03,
+396.5000E-03,
+397.0000E-03,
+397.5000E-03,
+398.0000E-03,
+398.5000E-03,
+399.0000E-03,
+399.5000E-03,
+400.0000E-03,
+400.5000E-03,
+401.0000E-03,
+401.5000E-03,
+402.0000E-03,
+402.5000E-03,
+403.0000E-03,
+403.5000E-03,
+404.0000E-03,
+404.5000E-03,
+405.0000E-03,
+405.5000E-03,
+406.0000E-03,
+406.5000E-03,
+407.0000E-03,
+407.5000E-03,
+408.0000E-03,
+408.5000E-03,
+409.0000E-03,
+409.5000E-03,
+410.0000E-03,
+410.5000E-03,
+411.0000E-03,
+411.5000E-03,
+412.0000E-03,
+412.5000E-03,
+413.0000E-03,
+413.5000E-03,
+414.0000E-03,
+414.5000E-03,
+415.0000E-03,
+415.5000E-03,
+416.0000E-03,
+416.5000E-03,
+417.0000E-03,
+417.5000E-03,
+418.0000E-03,
+418.5000E-03,
+419.0000E-03,
+419.5000E-03,
+420.0000E-03,
+420.5000E-03,
+421.0000E-03,
+421.5000E-03,
+422.0000E-03,
+422.5000E-03,
+423.0000E-03,
+423.5000E-03,
+424.0000E-03,
+424.5000E-03,
+425.0000E-03,
+425.5000E-03,
+426.0000E-03,
+426.5000E-03,
+427.0000E-03,
+427.5000E-03,
+428.0000E-03,
+428.5000E-03,
+429.0000E-03,
+429.5000E-03,
+430.0000E-03,
+430.5000E-03,
+431.0000E-03,
+431.5000E-03,
+432.0000E-03,
+432.5000E-03,
+433.0000E-03,
+433.5000E-03,
+434.0000E-03,
+434.5000E-03,
+435.0000E-03,
+435.5000E-03,
+436.0000E-03,
+436.5000E-03,
+437.0000E-03,
+437.5000E-03,
+438.0000E-03,
+438.5000E-03,
+439.0000E-03,
+439.5000E-03,
+440.0000E-03,
+440.5000E-03,
+441.0000E-03,
+441.5000E-03,
+442.0000E-03,
+442.5000E-03,
+443.0000E-03,
+443.5000E-03,
+444.0000E-03,
+444.5000E-03,
+445.0000E-03,
+445.5000E-03,
+446.0000E-03,
+446.5000E-03,
+447.0000E-03,
+447.5000E-03,
+448.0000E-03,
+448.5000E-03,
+449.0000E-03,
+449.5000E-03,
+450.0000E-03,
+450.5000E-03,
+451.0000E-03,
+451.5000E-03,
+452.0000E-03,
+452.5000E-03,
+453.0000E-03,
+453.5000E-03,
+454.0000E-03,
+454.5000E-03,
+455.0000E-03,
+455.5000E-03,
+456.0000E-03,
+456.5000E-03,
+457.0000E-03,
+457.5000E-03,
+458.0000E-03,
+458.5000E-03,
+459.0000E-03,
+459.5000E-03,
+460.0000E-03,
+460.5000E-03,
+461.0000E-03,
+461.5000E-03,
+462.0000E-03,
+462.5000E-03,
+463.0000E-03,
+463.5000E-03,
+464.0000E-03,
+464.5000E-03,
+465.0000E-03,
+465.5000E-03,
+466.0000E-03,
+466.5000E-03,
+467.0000E-03,
+467.5000E-03,
+468.0000E-03,
+468.5000E-03,
+469.0000E-03,
+469.5000E-03,
+470.0000E-03,
+470.5000E-03,
+471.0000E-03,
+471.5000E-03,
+472.0000E-03,
+472.5000E-03,
+473.0000E-03,
+473.5000E-03,
+474.0000E-03,
+474.5000E-03,
+475.0000E-03,
+475.5000E-03,
+476.0000E-03,
+476.5000E-03,
+477.0000E-03,
+477.5000E-03,
+478.0000E-03,
+478.5000E-03,
+479.0000E-03,
+479.5000E-03,
+480.0000E-03,
+480.5000E-03,
+481.0000E-03,
+481.5000E-03,
+482.0000E-03,
+482.5000E-03,
+483.0000E-03,
+483.5000E-03,
+484.0000E-03,
+484.5000E-03,
+485.0000E-03,
+485.5000E-03,
+486.0000E-03,
+486.5000E-03,
+487.0000E-03,
+487.5000E-03,
+488.0000E-03,
+488.5000E-03,
+489.0000E-03,
+489.5000E-03,
+490.0000E-03,
+490.5000E-03,
+491.0000E-03,
+491.5000E-03,
+492.0000E-03,
+492.5000E-03,
+493.0000E-03,
+493.5000E-03,
+494.0000E-03,
+494.5000E-03,
+495.0000E-03,
+495.5000E-03,
+496.0000E-03,
+496.5000E-03,
+497.0000E-03,
+497.5000E-03,
+498.0000E-03,
+498.5000E-03,
+499.0000E-03,
+499.5000E-03,
x-axis,FFT
Hertz,Volt
-59.00E+00,
-58.00E+00,
-57.00E+00,
-56.00E+00,
-55.00E+00,
-54.00E+00,
-53.00E+00,
-52.00E+00,
-51.00E+00,
-50.00E+00,
-49.00E+00,
-48.00E+00,
-47.00E+00,
-46.00E+00,
-45.00E+00,
-44.00E+00,
-43.00E+00,
-42.00E+00,
-41.00E+00,
-40.00E+00,
-39.00E+00,
-38.00E+00,
-37.00E+00,
-36.00E+00,
-35.00E+00,
-34.00E+00,
-33.00E+00,
-32.00E+00,
-31.00E+00,
-30.00E+00,
-29.00E+00,
-28.00E+00,
-27.00E+00,
-26.00E+00,
-25.00E+00,
-24.00E+00,
-23.00E+00,
-22.00E+00,
-21.00E+00,
-20.00E+00,
-19.00E+00,
-18.00E+00,
-17.00E+00,
-16.00E+00,
-15.00E+00,
-14.00E+00,
-13.00E+00,
-12.00E+00,
-11.00E+00,
-10.00E+00,
-9.00E+00,
-8.00E+00,
-7.00E+00,
-6.00E+00,
-5.00E+00,
-4.00E+00,
-3.00E+00,
-2.00E+00,
-1.00E+00,
+0.0E+00,+26.043E-03
+1.00E+00,+15.641E-03
+2.00E+00,+7.909E-03
+3.00E+00,+3.797E-03
+4.00E+00,+2.726E-03
+5.00E+00,+4.197E-03
+6.00E+00,+3.815E-03
+7.00E+00,+1.785E-03
+8.00E+00,+2.470E-03
+9.00E+00,+2.958E-03
+10.00E+00,+2.495E-03
+11.00E+00,+2.622E-03
+12.00E+00,+2.023E-03
+13.00E+00,+1.527E-03
+14.00E+00,+975E-06
+15.00E+00,+2.722E-03
+16.00E+00,+2.582E-03
+17.00E+00,+1.389E-03
+18.00E+00,+1.169E-03
+19.00E+00,+1.378E-03
+20.00E+00,+1.061E-03
+21.00E+00,+3.848E-03
+22.00E+00,+2.611E-03
+23.00E+00,+2.808E-03
+24.00E+00,+2.149E-03
+25.00E+00,+2.340E-03
+26.00E+00,+1.005E-03
+27.00E+00,+1.291E-03
+28.00E+00,+2.361E-03
+29.00E+00,+2.727E-03
+30.00E+00,+2.172E-03
+31.00E+00,+1.200E-03
+32.00E+00,+1.322E-03
+33.00E+00,+1.779E-03
+34.00E+00,+2.160E-03
+35.00E+00,+1.829E-03
+36.00E+00,+1.001E-03
+37.00E+00,+1.590E-03
+38.00E+00,+1.009E-03
+39.00E+00,+827E-06
+40.00E+00,+1.904E-03
+41.00E+00,+945E-06
+42.00E+00,+2.819E-03
+43.00E+00,+2.913E-03
+44.00E+00,+3.247E-03
+45.00E+00,+838E-06
+46.00E+00,+1.067E-03
+47.00E+00,+852E-06
+48.00E+00,+2.819E-03
+49.00E+00,+8.136E-03
+50.00E+00,+11.056E-03
+51.00E+00,+5.744E-03
+52.00E+00,+1.350E-03
+53.00E+00,+2.101E-03
+54.00E+00,+2.716E-03
+55.00E+00,+2.875E-03
+56.00E+00,+2.806E-03
+57.00E+00,+1.398E-03
+58.00E+00,+949E-06
+59.00E+00,+1.990E-03
+60.00E+00,+1.649E-03
+61.00E+00,+1.779E-03
+62.00E+00,+1.375E-03
+63.00E+00,+3.495E-03
+64.00E+00,+3.555E-03
+65.00E+00,+2.635E-03
+66.00E+00,+2.517E-03
+67.00E+00,+1.816E-03
+68.00E+00,+889E-06
+69.00E+00,+1.135E-03
+70.00E+00,+2.382E-03
+71.00E+00,+1.956E-03
+72.00E+00,+2.196E-03
+73.00E+00,+2.896E-03
+74.00E+00,+3.307E-03
+75.00E+00,+2.821E-03
+76.00E+00,+2.460E-03
+77.00E+00,+1.438E-03
+78.00E+00,+1.273E-03
+79.00E+00,+1.423E-03
+80.00E+00,+1.482E-03
+81.00E+00,+2.345E-03
+82.00E+00,+2.586E-03
+83.00E+00,+1.168E-03
+84.00E+00,+2.468E-03
+85.00E+00,+1.736E-03
+86.00E+00,+10.313E-03
+87.00E+00,+28.223E-03
+88.00E+00,+51.528E-03
+89.00E+00,+44.170E-03
+90.00E+00,+24.288E-03
+91.00E+00,+12.622E-03
+92.00E+00,+3.676E-03
+93.00E+00,+1.881E-03
+94.00E+00,+2.196E-03
+95.00E+00,+2.438E-03
+96.00E+00,+2.263E-03
+97.00E+00,+1.923E-03
+98.00E+00,+1.295E-03
+99.00E+00,+2.434E-03
+100.00E+00,+2.946E-03
+101.00E+00,+899E-06
+102.00E+00,+3.072E-03
+103.00E+00,+1.826E-03
+104.00E+00,+255E-06
+105.00E+00,+1.267E-03
+106.00E+00,+1.811E-03
+107.00E+00,+2.061E-03
+108.00E+00,+1.964E-03
+109.00E+00,+1.838E-03
+110.00E+00,+1.855E-03
+111.00E+00,+1.933E-03
+112.00E+00,+1.821E-03
+113.00E+00,+1.545E-03
+114.00E+00,+2.069E-03
+115.00E+00,+1.824E-03
+116.00E+00,+1.442E-03
+117.00E+00,+3.022E-03
+118.00E+00,+4.561E-03
+119.00E+00,+10.895E-03
+120.00E+00,+118.061E-03
+121.00E+00,+471.025E-03
+122.00E+00,+652.970E-03
+123.00E+00,+361.556E-03
+124.00E+00,+41.371E-03
+125.00E+00,+14.778E-03
+126.00E+00,+5.779E-03
+127.00E+00,+2.417E-03
+128.00E+00,+2.509E-03
+129.00E+00,+2.528E-03
+130.00E+00,+1.610E-03
+131.00E+00,+2.818E-03
+132.00E+00,+2.421E-03
+133.00E+00,+1.519E-03
+134.00E+00,+1.279E-03
+135.00E+00,+910E-06
+136.00E+00,+1.097E-03
+137.00E+00,+1.951E-03
+138.00E+00,+1.008E-03
+139.00E+00,+1.392E-03
+140.00E+00,+1.455E-03
+141.00E+00,+1.668E-03
+142.00E+00,+2.047E-03
+143.00E+00,+1.367E-03
+144.00E+00,+984E-06
+145.00E+00,+2.244E-03
+146.00E+00,+2.103E-03
+147.00E+00,+920E-06
+148.00E+00,+1.069E-03
+149.00E+00,+2.321E-03
+150.00E+00,+2.407E-03
+151.00E+00,+1.313E-03
+152.00E+00,+1.925E-03
+153.00E+00,+1.617E-03
+154.00E+00,+822E-06
+155.00E+00,+1.648E-03
+156.00E+00,+2.011E-03
+157.00E+00,+2.171E-03
+158.00E+00,+2.738E-03
+159.00E+00,+2.406E-03
+160.00E+00,+2.665E-03
+161.00E+00,+2.871E-03
+162.00E+00,+1.032E-03
+163.00E+00,+2.480E-03
+164.00E+00,+794E-06
+165.00E+00,+397E-06
+166.00E+00,+1.081E-03
+167.00E+00,+925E-06
+168.00E+00,+1.560E-03
+169.00E+00,+1.733E-03
+170.00E+00,+2.183E-03
+171.00E+00,+1.837E-03
+172.00E+00,+2.324E-03
+173.00E+00,+3.103E-03
+174.00E+00,+2.473E-03
+175.00E+00,+2.292E-03
+176.00E+00,+6.102E-03
+177.00E+00,+10.317E-03
+178.00E+00,+7.209E-03
+179.00E+00,+3.319E-03
+180.00E+00,+5.855E-03
+181.00E+00,+6.609E-03
+182.00E+00,+30.557E-03
+183.00E+00,+210.869E-03
+184.00E+00,+384.181E-03
+185.00E+00,+280.402E-03
+186.00E+00,+63.273E-03
+187.00E+00,+12.995E-03
+188.00E+00,+5.263E-03
+189.00E+00,+1.841E-03
+190.00E+00,+2.857E-03
+191.00E+00,+2.610E-03
+192.00E+00,+2.696E-03
+193.00E+00,+916E-06
+194.00E+00,+666E-06
+195.00E+00,+804E-06
+196.00E+00,+2.429E-03
+197.00E+00,+3.385E-03
+198.00E+00,+2.187E-03
+199.00E+00,+1.908E-03
+200.00E+00,+794E-06
+201.00E+00,+2.087E-03
+202.00E+00,+3.231E-03
+203.00E+00,+2.618E-03
+204.00E+00,+1.245E-03
+205.00E+00,+2.923E-03
+206.00E+00,+1.372E-03
+207.00E+00,+1.261E-03
+208.00E+00,+2.374E-03
+209.00E+00,+4.488E-03
+210.00E+00,+3.323E-03
+211.00E+00,+3.122E-03
+212.00E+00,+2.946E-03
+213.00E+00,+1.495E-03
+214.00E+00,+2.943E-03
+215.00E+00,+5.301E-03
+216.00E+00,+5.806E-03
+217.00E+00,+2.935E-03
+218.00E+00,+90.893E-03
+219.00E+00,+300.815E-03
+220.00E+00,+388.016E-03
+221.00E+00,+219.432E-03
+222.00E+00,+49.023E-03
+223.00E+00,+8.934E-03
+224.00E+00,+6.805E-03
+225.00E+00,+4.655E-03
+226.00E+00,+4.382E-03
+227.00E+00,+2.438E-03
+228.00E+00,+3.430E-03
+229.00E+00,+1.288E-03
+230.00E+00,+2.732E-03
+231.00E+00,+2.444E-03
+232.00E+00,+2.479E-03
+233.00E+00,+2.253E-03
+234.00E+00,+1.684E-03
+235.00E+00,+2.017E-03
+236.00E+00,+3.073E-03
+237.00E+00,+2.409E-03
+238.00E+00,+2.408E-03
+239.00E+00,+3.478E-03
+240.00E+00,+4.961E-03
+241.00E+00,+8.200E-03
+242.00E+00,+80.956E-03
+243.00E+00,+338.741E-03
+244.00E+00,+503.215E-03
+245.00E+00,+314.618E-03
+246.00E+00,+59.097E-03
+247.00E+00,+17.992E-03
+248.00E+00,+8.245E-03
+249.00E+00,+2.805E-03
+250.00E+00,+2.023E-03
+251.00E+00,+773E-06
+252.00E+00,+1.334E-03
+253.00E+00,+2.095E-03
+254.00E+00,+1.522E-03
+255.00E+00,+1.227E-03
+256.00E+00,+2.069E-03
+257.00E+00,+3.026E-03
+258.00E+00,+2.746E-03
+259.00E+00,+1.679E-03
+260.00E+00,+1.506E-03
+261.00E+00,+1.874E-03
+262.00E+00,+1.192E-03
+263.00E+00,+713E-06
+264.00E+00,+1.815E-03
+265.00E+00,+3.123E-03
+266.00E+00,+4.440E-03
+267.00E+00,+4.428E-03
+268.00E+00,+2.134E-03
+269.00E+00,+1.165E-03
+270.00E+00,+1.496E-03
+271.00E+00,+1.751E-03
+272.00E+00,+1.833E-03
+273.00E+00,+1.744E-03
+274.00E+00,+1.370E-03
+275.00E+00,+1.811E-03
+276.00E+00,+1.762E-03
+277.00E+00,+1.745E-03
+278.00E+00,+2.580E-03
+279.00E+00,+2.327E-03
+280.00E+00,+1.137E-03
+281.00E+00,+840E-06
+282.00E+00,+969E-06
+283.00E+00,+1.154E-03
+284.00E+00,+1.048E-03
+285.00E+00,+579E-06
+286.00E+00,+2.365E-03
+287.00E+00,+1.358E-03
+288.00E+00,+2.280E-03
+289.00E+00,+2.938E-03
+290.00E+00,+3.203E-03
+291.00E+00,+4.340E-03
+292.00E+00,+2.485E-03
+293.00E+00,+1.228E-03
+294.00E+00,+1.378E-03
+295.00E+00,+2.488E-03
+296.00E+00,+3.668E-03
+297.00E+00,+2.717E-03
+298.00E+00,+3.337E-03
+299.00E+00,+3.084E-03
+300.00E+00,+2.117E-03
+301.00E+00,+4.006E-03
+302.00E+00,+2.269E-03
+303.00E+00,+3.757E-03
+304.00E+00,+3.974E-03
+305.00E+00,+1.875E-03
+306.00E+00,+3.944E-03
+307.00E+00,+6.617E-03
+308.00E+00,+4.672E-03
+309.00E+00,+10.175E-03
+310.00E+00,+35.834E-03
+311.00E+00,+183.102E-03
+312.00E+00,+267.329E-03
+313.00E+00,+167.456E-03
+314.00E+00,+38.894E-03
+315.00E+00,+13.739E-03
+316.00E+00,+6.024E-03
+317.00E+00,+3.071E-03
+318.00E+00,+3.574E-03
+319.00E+00,+3.297E-03
+320.00E+00,+2.582E-03
+321.00E+00,+2.777E-03
+322.00E+00,+4.106E-03
+323.00E+00,+3.334E-03
+324.00E+00,+2.014E-03
+325.00E+00,+3.177E-03
+326.00E+00,+1.731E-03
+327.00E+00,+2.672E-03
+328.00E+00,+3.034E-03
+329.00E+00,+1.268E-03
+330.00E+00,+3.198E-03
+331.00E+00,+2.036E-03
+332.00E+00,+1.045E-03
+333.00E+00,+1.653E-03
+334.00E+00,+1.296E-03
+335.00E+00,+1.946E-03
+336.00E+00,+1.219E-03
+337.00E+00,+1.031E-03
+338.00E+00,+1.462E-03
+339.00E+00,+1.707E-03
+340.00E+00,+978E-06
+341.00E+00,+1.241E-03
+342.00E+00,+1.098E-03
+343.00E+00,+1.104E-03
+344.00E+00,+1.215E-03
+345.00E+00,+1.339E-03
+346.00E+00,+1.836E-03
+347.00E+00,+355E-06
+348.00E+00,+2.931E-03
+349.00E+00,+3.341E-03
+350.00E+00,+1.236E-03
+351.00E+00,+2.175E-03
+352.00E+00,+2.099E-03
+353.00E+00,+1.518E-03
+354.00E+00,+1.294E-03
+355.00E+00,+2.556E-03
+356.00E+00,+2.529E-03
+357.00E+00,+1.550E-03
+358.00E+00,+1.789E-03
+359.00E+00,+2.143E-03
+360.00E+00,+3.699E-03
+361.00E+00,+2.920E-03
+362.00E+00,+2.019E-03
+363.00E+00,+1.313E-03
+364.00E+00,+18.778E-03
+365.00E+00,+61.588E-03
+366.00E+00,+139.137E-03
+367.00E+00,+309.313E-03
+368.00E+00,+429.930E-03
+369.00E+00,+309.194E-03
+370.00E+00,+119.721E-03
+371.00E+00,+34.669E-03
+372.00E+00,+12.303E-03
+373.00E+00,+5.789E-03
+374.00E+00,+6.034E-03
+375.00E+00,+4.110E-03
+376.00E+00,+3.549E-03
+377.00E+00,+2.991E-03
+378.00E+00,+1.410E-03
+379.00E+00,+3.000E-03
+380.00E+00,+2.294E-03
+381.00E+00,+1.860E-03
+382.00E+00,+1.194E-03
+383.00E+00,+1.154E-03
+384.00E+00,+1.970E-03
+385.00E+00,+1.419E-03
+386.00E+00,+2.113E-03
+387.00E+00,+1.466E-03
+388.00E+00,+2.690E-03
+389.00E+00,+3.038E-03
+390.00E+00,+2.029E-03
+391.00E+00,+1.149E-03
+392.00E+00,+3.333E-03
+393.00E+00,+2.934E-03
+394.00E+00,+2.124E-03
+395.00E+00,+2.791E-03
+396.00E+00,+2.355E-03
+397.00E+00,+1.509E-03
+398.00E+00,+2.658E-03
+399.00E+00,+1.806E-03
+400.00E+00,+1.243E-03
+401.00E+00,+2.062E-03
+402.00E+00,+1.333E-03
+403.00E+00,+917E-06
+404.00E+00,+1.917E-03
+405.00E+00,+1.912E-03
+406.00E+00,+2.114E-03
+407.00E+00,+2.391E-03
+408.00E+00,+2.616E-03
+409.00E+00,+1.523E-03
+410.00E+00,+2.821E-03
+411.00E+00,+2.425E-03
+412.00E+00,+2.838E-03
+413.00E+00,+986E-06
+414.00E+00,+1.998E-03
+415.00E+00,+1.355E-03
+416.00E+00,+1.744E-03
+417.00E+00,+2.246E-03
+418.00E+00,+1.802E-03
+419.00E+00,+1.280E-03
+420.00E+00,+2.454E-03
+421.00E+00,+1.984E-03
+422.00E+00,+1.649E-03
+423.00E+00,+897E-06
+424.00E+00,+1.317E-03
+425.00E+00,+1.130E-03
+426.00E+00,+2.560E-03
+427.00E+00,+3.233E-03
+428.00E+00,+3.186E-03
+429.00E+00,+3.532E-03
+430.00E+00,+4.006E-03
+431.00E+00,+1.823E-03
+432.00E+00,+4.225E-03
+433.00E+00,+1.622E-03
+434.00E+00,+4.116E-03
+435.00E+00,+3.675E-03
+436.00E+00,+6.977E-03
+437.00E+00,+12.796E-03
+438.00E+00,+92.737E-03
+439.00E+00,+350.167E-03
+440.00E+00,+494.890E-03
+441.00E+00,+313.432E-03
+442.00E+00,+94.871E-03
+443.00E+00,+28.620E-03
+444.00E+00,+10.346E-03
+445.00E+00,+5.279E-03
+446.00E+00,+4.768E-03
+447.00E+00,+4.507E-03
+448.00E+00,+3.138E-03
+449.00E+00,+2.791E-03
+450.00E+00,+2.145E-03
+451.00E+00,+2.142E-03
+452.00E+00,+2.263E-03
+453.00E+00,+2.093E-03
+454.00E+00,+3.912E-03
+455.00E+00,+2.407E-03
+456.00E+00,+1.385E-03
+457.00E+00,+1.934E-03
+458.00E+00,+453E-06
+459.00E+00,+1.218E-03
+460.00E+00,+1.673E-03
+461.00E+00,+1.937E-03
+462.00E+00,+1.077E-03
+463.00E+00,+1.559E-03
+464.00E+00,+1.569E-03
+465.00E+00,+1.407E-03
+466.00E+00,+1.245E-03
+467.00E+00,+892E-06
+468.00E+00,+1.570E-03
+469.00E+00,+1.234E-03
+470.00E+00,+1.551E-03
+471.00E+00,+1.063E-03
+472.00E+00,+1.195E-03
+473.00E+00,+517E-06
+474.00E+00,+1.275E-03
+475.00E+00,+284E-06
+476.00E+00,+2.179E-03
+477.00E+00,+1.917E-03
+478.00E+00,+823E-06
+479.00E+00,+1.987E-03
+480.00E+00,+2.583E-03
+481.00E+00,+2.743E-03
+482.00E+00,+2.147E-03
+483.00E+00,+1.074E-03
+484.00E+00,+1.143E-03
+485.00E+00,+1.568E-03
+486.00E+00,+5.087E-03
+487.00E+00,+13.118E-03
+488.00E+00,+20.669E-03
+489.00E+00,+22.163E-03
+490.00E+00,+10.778E-03
+491.00E+00,+3.104E-03
+492.00E+00,+2.245E-03
+493.00E+00,+1.331E-03
+494.00E+00,+2.882E-03
+495.00E+00,+3.479E-03
+496.00E+00,+1.100E-03
+497.00E+00,+2.677E-03
+498.00E+00,+2.693E-03
+499.00E+00,+2.666E-03
+500.00E+00,+2.233E-03
+501.00E+00,+2.821E-03
+502.00E+00,+2.874E-03
+503.00E+00,+1.487E-03
+504.00E+00,+574E-06
+505.00E+00,+822E-06
+506.00E+00,+1.738E-03
+507.00E+00,+1.548E-03
+508.00E+00,+1.282E-03
+509.00E+00,+1.144E-03
+510.00E+00,+1.536E-03
+511.00E+00,+1.445E-03
+512.00E+00,+2.255E-03
+513.00E+00,+2.382E-03
+514.00E+00,+1.227E-03
+515.00E+00,+1.299E-03
+516.00E+00,+997E-06
+517.00E+00,+515E-06
+518.00E+00,+495E-06
+519.00E+00,+1.634E-03
+520.00E+00,+1.538E-03
+521.00E+00,+1.454E-03
+522.00E+00,+1.427E-03
+523.00E+00,+1.756E-03
+524.00E+00,+2.187E-03
+525.00E+00,+1.417E-03
+526.00E+00,+1.759E-03
+527.00E+00,+3.231E-03
+528.00E+00,+2.876E-03
+529.00E+00,+1.512E-03
+530.00E+00,+904E-06
+531.00E+00,+1.441E-03
+532.00E+00,+1.447E-03
+533.00E+00,+2.114E-03
+534.00E+00,+2.781E-03
+535.00E+00,+1.276E-03
+536.00E+00,+1.140E-03
+537.00E+00,+1.683E-03
+538.00E+00,+1.864E-03
+539.00E+00,+1.916E-03
+540.00E+00,+578E-06
+541.00E+00,+1.082E-03
+542.00E+00,+2.310E-03
+543.00E+00,+2.260E-03
+544.00E+00,+1.204E-03
+545.00E+00,+1.050E-03
+546.00E+00,+1.352E-03
+547.00E+00,+1.579E-03
+548.00E+00,+1.134E-03
+549.00E+00,+2.601E-03
+550.00E+00,+4.362E-03
+551.00E+00,+34.367E-03
+552.00E+00,+75.590E-03
+553.00E+00,+67.752E-03
+554.00E+00,+23.848E-03
+555.00E+00,+7.710E-03
+556.00E+00,+1.415E-03
+557.00E+00,+901E-06
+558.00E+00,+491E-06
+559.00E+00,+1.987E-03
+560.00E+00,+2.038E-03
+561.00E+00,+1.711E-03
+562.00E+00,+1.267E-03
+563.00E+00,+1.171E-03
+564.00E+00,+1.243E-03
+565.00E+00,+1.441E-03
+566.00E+00,+2.007E-03
+567.00E+00,+2.143E-03
+568.00E+00,+993E-06
+569.00E+00,+406E-06
+570.00E+00,+372E-06
+571.00E+00,+1.942E-03
+572.00E+00,+2.299E-03
+573.00E+00,+1.345E-03
+574.00E+00,+1.612E-03
+575.00E+00,+859E-06
+576.00E+00,+1.451E-03
+577.00E+00,+1.537E-03
+578.00E+00,+852E-06
+579.00E+00,+727E-06
+580.00E+00,+1.237E-03
+581.00E+00,+1.434E-03
+582.00E+00,+1.302E-03
+583.00E+00,+1.367E-03
+584.00E+00,+1.842E-03
+585.00E+00,+1.621E-03
+586.00E+00,+749E-06
+587.00E+00,+910E-06
+588.00E+00,+1.554E-03
+589.00E+00,+1.658E-03
+590.00E+00,+1.140E-03
+591.00E+00,+1.148E-03
+592.00E+00,+1.496E-03
+593.00E+00,+1.672E-03
+594.00E+00,+1.870E-03
+595.00E+00,+1.507E-03
+596.00E+00,+2.556E-03
+597.00E+00,+1.832E-03
+598.00E+00,+1.734E-03
+599.00E+00,+2.119E-03
+600.00E+00,+2.394E-03
+601.00E+00,+992E-06
+602.00E+00,+1.519E-03
+603.00E+00,+1.151E-03
+604.00E+00,+1.515E-03
+605.00E+00,+2.691E-03
+606.00E+00,+1.692E-03
+607.00E+00,+1.213E-03
+608.00E+00,+1.723E-03
+609.00E+00,+4.804E-03
+610.00E+00,+9.149E-03
+611.00E+00,+6.773E-03
+612.00E+00,+3.274E-03
+613.00E+00,+1.037E-03
+614.00E+00,+3.359E-03
+615.00E+00,+3.502E-03
+616.00E+00,+4.010E-03
+617.00E+00,+1.828E-03
+618.00E+00,+4.759E-03
+619.00E+00,+4.370E-03
+620.00E+00,+5.794E-03
+621.00E+00,+5.341E-03
+622.00E+00,+22.862E-03
+623.00E+00,+137.826E-03
+624.00E+00,+267.378E-03
+625.00E+00,+230.161E-03
+626.00E+00,+92.371E-03
+627.00E+00,+25.907E-03
+628.00E+00,+13.522E-03
+629.00E+00,+8.599E-03
+630.00E+00,+5.649E-03
+631.00E+00,+4.421E-03
+632.00E+00,+3.833E-03
+633.00E+00,+3.289E-03
+634.00E+00,+4.096E-03
+635.00E+00,+3.049E-03
+636.00E+00,+2.449E-03
+637.00E+00,+2.817E-03
+638.00E+00,+1.567E-03
+639.00E+00,+3.371E-03
+640.00E+00,+5.842E-03
+641.00E+00,+2.493E-03
+642.00E+00,+2.659E-03
+643.00E+00,+2.305E-03
+644.00E+00,+1.205E-03
+645.00E+00,+3.375E-03
+646.00E+00,+3.520E-03
+647.00E+00,+2.218E-03
+648.00E+00,+1.033E-03
+649.00E+00,+1.772E-03
+650.00E+00,+3.582E-03
+651.00E+00,+1.982E-03
+652.00E+00,+2.263E-03
+653.00E+00,+2.440E-03
+654.00E+00,+1.534E-03
+655.00E+00,+1.702E-03
+656.00E+00,+2.819E-03
+657.00E+00,+1.237E-03
+658.00E+00,+36.081E-03
+659.00E+00,+114.460E-03
+660.00E+00,+119.216E-03
+661.00E+00,+45.146E-03
+662.00E+00,+16.427E-03
+663.00E+00,+12.969E-03
+664.00E+00,+9.893E-03
+665.00E+00,+4.238E-03
+666.00E+00,+2.677E-03
+667.00E+00,+3.475E-03
+668.00E+00,+3.459E-03
+669.00E+00,+2.620E-03
+670.00E+00,+1.406E-03
+671.00E+00,+1.522E-03
+672.00E+00,+3.011E-03
+673.00E+00,+4.237E-03
+674.00E+00,+2.646E-03
+675.00E+00,+1.441E-03
+676.00E+00,+1.781E-03
+677.00E+00,+1.024E-03
+678.00E+00,+1.836E-03
+679.00E+00,+1.494E-03
+680.00E+00,+1.557E-03
+681.00E+00,+3.613E-03
+682.00E+00,+2.777E-03
+683.00E+00,+2.987E-03
+684.00E+00,+2.274E-03
+685.00E+00,+2.102E-03
+686.00E+00,+3.169E-03
+687.00E+00,+4.023E-03
+688.00E+00,+3.412E-03
+689.00E+00,+2.723E-03
+690.00E+00,+1.451E-03
+691.00E+00,+2.481E-03
+692.00E+00,+3.156E-03
+693.00E+00,+3.526E-03
+694.00E+00,+2.581E-03
+695.00E+00,+1.916E-03
+696.00E+00,+1.506E-03
+697.00E+00,+1.340E-03
+698.00E+00,+1.680E-03
+699.00E+00,+1.848E-03
+700.00E+00,+387E-06
+701.00E+00,+658E-06
+702.00E+00,+1.130E-03
+703.00E+00,+2.014E-03
+704.00E+00,+1.909E-03
+705.00E+00,+1.920E-03
+706.00E+00,+1.698E-03
+707.00E+00,+2.558E-03
+708.00E+00,+2.914E-03
+709.00E+00,+1.368E-03
+710.00E+00,+1.099E-03
+711.00E+00,+1.680E-03
+712.00E+00,+1.275E-03
+713.00E+00,+914E-06
+714.00E+00,+2.544E-03
+715.00E+00,+2.998E-03
+716.00E+00,+1.777E-03
+717.00E+00,+1.483E-03
+718.00E+00,+1.064E-03
+719.00E+00,+942E-06
+720.00E+00,+1.071E-03
+721.00E+00,+1.694E-03
+722.00E+00,+771E-06
+723.00E+00,+1.215E-03
+724.00E+00,+1.116E-03
+725.00E+00,+3.795E-03
+726.00E+00,+3.228E-03
+727.00E+00,+2.868E-03
+728.00E+00,+3.723E-03
+729.00E+00,+2.130E-03
+730.00E+00,+4.614E-03
+731.00E+00,+5.548E-03
+732.00E+00,+3.423E-03
+733.00E+00,+3.339E-03
+734.00E+00,+6.632E-03
+735.00E+00,+12.025E-03
+736.00E+00,+77.757E-03
+737.00E+00,+159.467E-03
+738.00E+00,+138.833E-03
+739.00E+00,+44.846E-03
+740.00E+00,+16.007E-03
+741.00E+00,+6.329E-03
+742.00E+00,+5.307E-03
+743.00E+00,+5.787E-03
+744.00E+00,+3.498E-03
+745.00E+00,+3.966E-03
+746.00E+00,+2.447E-03
+747.00E+00,+2.774E-03
+748.00E+00,+3.517E-03
+749.00E+00,+1.604E-03
+750.00E+00,+2.115E-03
+751.00E+00,+1.630E-03
+752.00E+00,+3.297E-03
+753.00E+00,+4.019E-03
+754.00E+00,+2.837E-03
+755.00E+00,+3.325E-03
+756.00E+00,+2.468E-03
+757.00E+00,+1.408E-03
+758.00E+00,+1.480E-03
+759.00E+00,+795E-06
+760.00E+00,+937E-06
+761.00E+00,+1.048E-03
+762.00E+00,+2.310E-03
+763.00E+00,+1.972E-03
+764.00E+00,+679E-06
+765.00E+00,+966E-06
+766.00E+00,+1.587E-03
+767.00E+00,+1.145E-03
+768.00E+00,+1.077E-03
+769.00E+00,+1.096E-03
+770.00E+00,+1.849E-03
+771.00E+00,+1.111E-03
+772.00E+00,+719E-06
+773.00E+00,+1.560E-03
+774.00E+00,+1.960E-03
+775.00E+00,+1.671E-03
+776.00E+00,+1.151E-03
+777.00E+00,+539E-06
+778.00E+00,+895E-06
+779.00E+00,+1.549E-03
+780.00E+00,+587E-06
+781.00E+00,+1.918E-03
+782.00E+00,+1.993E-03
+783.00E+00,+1.223E-03
+784.00E+00,+2.111E-03
+785.00E+00,+1.527E-03
+786.00E+00,+821E-06
+787.00E+00,+1.319E-03
+788.00E+00,+1.768E-03
+789.00E+00,+2.281E-03
+790.00E+00,+2.064E-03
+791.00E+00,+1.856E-03
+792.00E+00,+2.256E-03
+793.00E+00,+2.779E-03
+794.00E+00,+2.729E-03
+795.00E+00,+1.878E-03
+796.00E+00,+1.403E-03
+797.00E+00,+1.553E-03
+798.00E+00,+1.461E-03
+799.00E+00,+1.824E-03
+800.00E+00,+2.417E-03
+801.00E+00,+3.040E-03
+802.00E+00,+4.391E-03
+803.00E+00,+3.155E-03
+804.00E+00,+1.851E-03
+805.00E+00,+853E-06
+806.00E+00,+2.928E-03
+807.00E+00,+2.942E-03
+808.00E+00,+2.755E-03
+809.00E+00,+2.933E-03
+810.00E+00,+1.812E-03
+811.00E+00,+858E-06
+812.00E+00,+1.178E-03
+813.00E+00,+2.166E-03
+814.00E+00,+2.506E-03
+815.00E+00,+1.072E-03
+816.00E+00,+945E-06
+817.00E+00,+1.279E-03
+818.00E+00,+2.490E-03
+819.00E+00,+3.833E-03
+820.00E+00,+2.285E-03
+821.00E+00,+913E-06
+822.00E+00,+648E-06
+823.00E+00,+1.850E-03
+824.00E+00,+1.135E-03
+825.00E+00,+1.783E-03
+826.00E+00,+3.089E-03
+827.00E+00,+2.420E-03
+828.00E+00,+1.869E-03
+829.00E+00,+2.591E-03
+830.00E+00,+2.809E-03
+831.00E+00,+1.997E-03
+832.00E+00,+1.457E-03
+833.00E+00,+795E-06
+834.00E+00,+1.375E-03
+835.00E+00,+2.913E-03
+836.00E+00,+3.262E-03
+837.00E+00,+2.257E-03
+838.00E+00,+936E-06
+839.00E+00,+1.112E-03
+840.00E+00,+1.281E-03
+841.00E+00,+498E-06
+842.00E+00,+1.211E-03
+843.00E+00,+1.064E-03
+844.00E+00,+2.494E-03
+845.00E+00,+1.923E-03
+846.00E+00,+2.092E-03
+847.00E+00,+3.793E-03
+848.00E+00,+3.978E-03
+849.00E+00,+2.000E-03
+850.00E+00,+1.585E-03
+851.00E+00,+1.828E-03
+852.00E+00,+1.263E-03
+853.00E+00,+1.455E-03
+854.00E+00,+2.217E-03
+855.00E+00,+2.727E-03
+856.00E+00,+2.513E-03
+857.00E+00,+2.851E-03
+858.00E+00,+3.109E-03
+859.00E+00,+1.009E-03
+860.00E+00,+2.325E-03
+861.00E+00,+2.215E-03
+862.00E+00,+1.380E-03
+863.00E+00,+1.429E-03
+864.00E+00,+863E-06
+865.00E+00,+821E-06
+866.00E+00,+822E-06
+867.00E+00,+1.027E-03
+868.00E+00,+303E-06
+869.00E+00,+1.112E-03
+870.00E+00,+920E-06
+871.00E+00,+1.072E-03
+872.00E+00,+1.167E-03
+873.00E+00,+1.079E-03
+874.00E+00,+1.466E-03
+875.00E+00,+2.008E-03
+876.00E+00,+2.084E-03
+877.00E+00,+3.405E-03
+878.00E+00,+16.737E-03
+879.00E+00,+52.094E-03
+880.00E+00,+76.716E-03
+881.00E+00,+55.489E-03
+882.00E+00,+20.031E-03
+883.00E+00,+7.759E-03
+884.00E+00,+1.051E-03
+885.00E+00,+1.116E-03
+886.00E+00,+1.268E-03
+887.00E+00,+1.552E-03
+888.00E+00,+2.104E-03
+889.00E+00,+2.852E-03
+890.00E+00,+3.055E-03
+891.00E+00,+3.096E-03
+892.00E+00,+2.348E-03
+893.00E+00,+1.585E-03
+894.00E+00,+2.063E-03
+895.00E+00,+2.687E-03
+896.00E+00,+2.326E-03
+897.00E+00,+1.454E-03
+898.00E+00,+678E-06
+899.00E+00,+486E-06
+900.00E+00,+837E-06
+901.00E+00,+1.153E-03
+902.00E+00,+1.605E-03
+903.00E+00,+1.297E-03
+904.00E+00,+607E-06
+905.00E+00,+171E-06
+906.00E+00,+182E-06
+907.00E+00,+498E-06
+908.00E+00,+913E-06
+909.00E+00,+1.560E-03
+910.00E+00,+1.119E-03
+911.00E+00,+1.809E-03
+912.00E+00,+1.794E-03
+913.00E+00,+1.345E-03
+914.00E+00,+1.300E-03
+915.00E+00,+1.369E-03
+916.00E+00,+1.183E-03
+917.00E+00,+1.154E-03
+918.00E+00,+1.067E-03
+919.00E+00,+1.273E-03
+920.00E+00,+4.072E-03
+921.00E+00,+9.470E-03
+922.00E+00,+11.693E-03
+923.00E+00,+6.360E-03
+924.00E+00,+2.190E-03
+925.00E+00,+1.079E-03
+926.00E+00,+3.551E-03
+927.00E+00,+3.193E-03
+928.00E+00,+1.176E-03
+929.00E+00,+1.055E-03
+930.00E+00,+1.308E-03
+931.00E+00,+1.828E-03
+932.00E+00,+2.576E-03
+933.00E+00,+2.519E-03
+934.00E+00,+5.753E-03
+935.00E+00,+33.921E-03
+936.00E+00,+80.217E-03
+937.00E+00,+83.697E-03
+938.00E+00,+40.877E-03
+939.00E+00,+13.926E-03
+940.00E+00,+7.464E-03
+941.00E+00,+2.915E-03
+942.00E+00,+3.667E-03
+943.00E+00,+2.768E-03
+944.00E+00,+1.934E-03
+945.00E+00,+2.581E-03
+946.00E+00,+1.980E-03
+947.00E+00,+2.632E-03
+948.00E+00,+794E-06
+949.00E+00,+2.070E-03
+950.00E+00,+2.465E-03
+951.00E+00,+1.774E-03
+952.00E+00,+1.400E-03
+953.00E+00,+1.543E-03
+954.00E+00,+1.565E-03
+955.00E+00,+2.065E-03
+956.00E+00,+2.147E-03
+957.00E+00,+1.509E-03
+958.00E+00,+929E-06
+959.00E+00,+1.123E-03
+960.00E+00,+1.285E-03
+961.00E+00,+887E-06
+962.00E+00,+983E-06
+963.00E+00,+2.177E-03
+964.00E+00,+3.370E-03
+965.00E+00,+1.905E-03
+966.00E+00,+1.692E-03
+967.00E+00,+1.895E-03
+968.00E+00,+1.136E-03
+969.00E+00,+1.822E-03
+970.00E+00,+1.434E-03
+971.00E+00,+1.652E-03
+972.00E+00,+1.238E-03
+973.00E+00,+1.254E-03
+974.00E+00,+2.659E-03
+975.00E+00,+2.863E-03
+976.00E+00,+2.195E-03
+977.00E+00,+3.204E-03
+978.00E+00,+1.696E-03
+979.00E+00,+1.657E-03
+980.00E+00,+4.835E-03
+981.00E+00,+7.114E-03
+982.00E+00,+6.964E-03
+983.00E+00,+4.786E-03
+984.00E+00,+2.316E-03
+985.00E+00,+1.252E-03
+986.00E+00,+1.328E-03
+987.00E+00,+960E-06
+988.00E+00,+321E-06
+989.00E+00,+814E-06
+990.00E+00,+1.733E-03
+991.00E+00,+2.085E-03
+992.00E+00,+1.964E-03
+993.00E+00,+3.084E-03
+994.00E+00,+4.566E-03
+995.00E+00,+3.722E-03
+996.00E+00,+2.014E-03
+997.00E+00,+2.900E-03
+998.00E+00,+3.938E-03
+999.00E+00,+3.259E-03
+1.00000E+03,+1.486E-03
+1.00100E+03,+635E-06
+1.00200E+03,+1.025E-03
+1.00300E+03,+837E-06
+1.00400E+03,+1.250E-03
+1.00500E+03,+1.776E-03
+1.00600E+03,+1.317E-03
+1.00700E+03,+730E-06
+1.00800E+03,+883E-06
+1.00900E+03,+355E-06
+1.01000E+03,+1.612E-03
+1.01100E+03,+3.446E-03
+1.01200E+03,+2.602E-03
+1.01300E+03,+1.401E-03
+1.01400E+03,+4.054E-03
+1.01500E+03,+3.702E-03
+1.01600E+03,+2.208E-03
+1.01700E+03,+2.596E-03
+1.01800E+03,+2.696E-03
+1.01900E+03,+1.728E-03
+1.02000E+03,+890E-06
+1.02100E+03,+1.183E-03
+1.02200E+03,+1.329E-03
+1.02300E+03,+510E-06
+1.02400E+03,+850E-06
+1.02500E+03,+2.122E-03
+1.02600E+03,+3.580E-03
+1.02700E+03,+3.683E-03
+1.02800E+03,+2.078E-03
+1.02900E+03,+365E-06
+1.03000E+03,+986E-06
+1.03100E+03,+1.715E-03
+1.03200E+03,+1.397E-03
+1.03300E+03,+1.147E-03
+1.03400E+03,+1.263E-03
+1.03500E+03,+720E-06
+1.03600E+03,+375E-06
+1.03700E+03,+764E-06
+1.03800E+03,+984E-06
+1.03900E+03,+1.636E-03
+1.04000E+03,+2.355E-03
+1.04100E+03,+1.450E-03
+1.04200E+03,+2.089E-03
+1.04300E+03,+2.498E-03
+1.04400E+03,+840E-06
+1.04500E+03,+1.000E-03
+1.04600E+03,+1.923E-03
+1.04700E+03,+2.912E-03
+1.04800E+03,+3.631E-03
+1.04900E+03,+3.800E-03
+1.05000E+03,+1.331E-03
+1.05100E+03,+2.143E-03
+1.05200E+03,+1.838E-03
+1.05300E+03,+795E-06
+1.05400E+03,+1.583E-03
+1.05500E+03,+2.063E-03
+1.05600E+03,+1.809E-03
+1.05700E+03,+2.093E-03
+1.05800E+03,+1.182E-03
+1.05900E+03,+988E-06
+1.06000E+03,+734E-06
+1.06100E+03,+895E-06
+1.06200E+03,+1.549E-03
+1.06300E+03,+1.231E-03
+1.06400E+03,+961E-06
+1.06500E+03,+1.908E-03
+1.06600E+03,+2.442E-03
+1.06700E+03,+1.697E-03
+1.06800E+03,+1.009E-03
+1.06900E+03,+1.810E-03
+1.07000E+03,+2.572E-03
+1.07100E+03,+2.760E-03
+1.07200E+03,+2.185E-03
+1.07300E+03,+1.140E-03
+1.07400E+03,+1.136E-03
+1.07500E+03,+1.217E-03
+1.07600E+03,+1.100E-03
+1.07700E+03,+687E-06
+1.07800E+03,+1.396E-03
+1.07900E+03,+3.042E-03
+1.08000E+03,+2.554E-03
+1.08100E+03,+1.005E-03
+1.08200E+03,+455E-06
+1.08300E+03,+1.389E-03
+1.08400E+03,+2.429E-03
+1.08500E+03,+2.302E-03
+1.08600E+03,+994E-06
+1.08700E+03,+1.352E-03
+1.08800E+03,+1.904E-03
+1.08900E+03,+2.939E-03
+1.09000E+03,+2.722E-03
+1.09100E+03,+3.001E-03
+1.09200E+03,+3.905E-03
+1.09300E+03,+4.266E-03
+1.09400E+03,+1.353E-03
+1.09500E+03,+1.110E-03
+1.09600E+03,+1.369E-03
+1.09700E+03,+2.392E-03
+1.09800E+03,+4.273E-03
+1.09900E+03,+6.535E-03
+1.10000E+03,+6.519E-03
+1.10100E+03,+4.005E-03
+1.10200E+03,+4.209E-03
+1.10300E+03,+4.058E-03
+1.10400E+03,+7.255E-03
+1.10500E+03,+27.785E-03
+1.10600E+03,+79.980E-03
+1.10700E+03,+103.219E-03
+1.10800E+03,+58.886E-03
+1.10900E+03,+14.066E-03
+1.11000E+03,+5.208E-03
+1.11100E+03,+5.772E-03
+1.11200E+03,+5.005E-03
+1.11300E+03,+1.515E-03
+1.11400E+03,+4.923E-03
+1.11500E+03,+2.567E-03
+1.11600E+03,+2.141E-03
+1.11700E+03,+3.508E-03
+1.11800E+03,+2.650E-03
+1.11900E+03,+2.371E-03
+1.12000E+03,+2.997E-03
+1.12100E+03,+1.284E-03
+1.12200E+03,+788E-06
+1.12300E+03,+1.789E-03
+1.12400E+03,+2.841E-03
+1.12500E+03,+2.343E-03
+1.12600E+03,+1.572E-03
+1.12700E+03,+3.505E-03
+1.12800E+03,+4.564E-03
+1.12900E+03,+3.321E-03
+1.13000E+03,+1.762E-03
+1.13100E+03,+438E-06
+1.13200E+03,+2.245E-03
+1.13300E+03,+3.624E-03
+1.13400E+03,+3.121E-03
+1.13500E+03,+3.326E-03
+1.13600E+03,+2.536E-03
+1.13700E+03,+1.690E-03
+1.13800E+03,+1.785E-03
+1.13900E+03,+939E-06
+1.14000E+03,+730E-06
+1.14100E+03,+581E-06
+1.14200E+03,+182E-06
+1.14300E+03,+469E-06
+1.14400E+03,+1.077E-03
+1.14500E+03,+1.702E-03
+1.14600E+03,+2.268E-03
+1.14700E+03,+2.478E-03
+1.14800E+03,+1.426E-03
+1.14900E+03,+1.060E-03
+1.15000E+03,+2.516E-03
+1.15100E+03,+3.523E-03
+1.15200E+03,+3.423E-03
+1.15300E+03,+3.388E-03
+1.15400E+03,+2.873E-03
+1.15500E+03,+2.257E-03
+1.15600E+03,+2.324E-03
+1.15700E+03,+1.967E-03
+1.15800E+03,+1.212E-03
+1.15900E+03,+868E-06
+1.16000E+03,+1.107E-03
+1.16100E+03,+1.447E-03
+1.16200E+03,+1.475E-03
+1.16300E+03,+2.306E-03
+1.16400E+03,+2.711E-03
+1.16500E+03,+1.878E-03
+1.16600E+03,+1.360E-03
+1.16700E+03,+2.653E-03
+1.16800E+03,+4.472E-03
+1.16900E+03,+4.114E-03
+1.17000E+03,+3.246E-03
+1.17100E+03,+3.826E-03
+1.17200E+03,+2.339E-03
+1.17300E+03,+1.053E-03
+1.17400E+03,+2.575E-03
+1.17500E+03,+1.334E-03
+1.17600E+03,+1.737E-03
+1.17700E+03,+1.910E-03
+1.17800E+03,+1.503E-03
+1.17900E+03,+2.404E-03
+1.18000E+03,+2.993E-03
+1.18100E+03,+3.062E-03
+1.18200E+03,+2.579E-03
+1.18300E+03,+1.283E-03
+1.18400E+03,+865E-06
+1.18500E+03,+1.618E-03
+1.18600E+03,+2.460E-03
+1.18700E+03,+3.242E-03
+1.18800E+03,+3.094E-03
+1.18900E+03,+2.256E-03
+1.19000E+03,+2.149E-03
+1.19100E+03,+1.745E-03
+1.19200E+03,+1.775E-03
+1.19300E+03,+716E-06
+1.19400E+03,+111E-06
+1.19500E+03,+700E-06
+1.19600E+03,+2.473E-03
+1.19700E+03,+3.396E-03
+1.19800E+03,+2.434E-03
+1.19900E+03,+1.627E-03
+1.20000E+03,+1.713E-03
+1.20100E+03,+2.912E-03
+1.20200E+03,+3.504E-03
+1.20300E+03,+3.006E-03
+1.20400E+03,+2.915E-03
+1.20500E+03,+1.794E-03
+1.20600E+03,+772E-06
+1.20700E+03,+725E-06
+1.20800E+03,+823E-06
+1.20900E+03,+1.196E-03
+1.21000E+03,+792E-06
+1.21100E+03,+1.055E-03
+1.21200E+03,+2.026E-03
+1.21300E+03,+2.111E-03
+1.21400E+03,+3.288E-03
+1.21500E+03,+3.593E-03
+1.21600E+03,+2.070E-03
+1.21700E+03,+921E-06
+1.21800E+03,+871E-06
+1.21900E+03,+1.373E-03
+1.22000E+03,+1.902E-03
+1.22100E+03,+1.712E-03
+1.22200E+03,+1.085E-03
+1.22300E+03,+1.311E-03
+1.22400E+03,+1.691E-03
+1.22500E+03,+1.985E-03
+1.22600E+03,+2.510E-03
+1.22700E+03,+2.875E-03
+1.22800E+03,+3.930E-03
+1.22900E+03,+5.366E-03
+1.23000E+03,+5.418E-03
+1.23100E+03,+3.742E-03
+1.23200E+03,+2.143E-03
+1.23300E+03,+2.047E-03
+1.23400E+03,+828E-06
+1.23500E+03,+1.322E-03
+1.23600E+03,+2.280E-03
+1.23700E+03,+2.084E-03
+1.23800E+03,+2.940E-03
+1.23900E+03,+3.843E-03
+1.24000E+03,+3.644E-03
+1.24100E+03,+2.403E-03
+1.24200E+03,+1.117E-03
+1.24300E+03,+2.298E-03
+1.24400E+03,+2.241E-03
+1.24500E+03,+1.911E-03
+1.24600E+03,+2.671E-03
+1.24700E+03,+2.780E-03
+1.24800E+03,+3.946E-03
+1.24900E+03,+7.126E-03
+1.25000E+03,+6.444E-03
+1.25100E+03,+2.669E-03
+1.25200E+03,+1.646E-03
+1.25300E+03,+1.168E-03
+1.25400E+03,+1.454E-03
+1.25500E+03,+2.084E-03
+1.25600E+03,+1.984E-03
+1.25700E+03,+1.239E-03
+1.25800E+03,+307E-06
+1.25900E+03,+1.102E-03
+1.26000E+03,+1.971E-03
+1.26100E+03,+2.718E-03
+1.26200E+03,+1.825E-03
+1.26300E+03,+1.043E-03
+1.26400E+03,+1.634E-03
+1.26500E+03,+1.439E-03
+1.26600E+03,+1.177E-03
+1.26700E+03,+1.621E-03
+1.26800E+03,+1.623E-03
+1.26900E+03,+1.271E-03
+1.27000E+03,+1.253E-03
+1.27100E+03,+839E-06
+1.27200E+03,+431E-06
+1.27300E+03,+843E-06
+1.27400E+03,+1.364E-03
+1.27500E+03,+840E-06
+1.27600E+03,+2.243E-03
+1.27700E+03,+1.842E-03
+1.27800E+03,+766E-06
+1.27900E+03,+985E-06
+1.28000E+03,+1.599E-03
+1.28100E+03,+2.051E-03
+1.28200E+03,+1.370E-03
+1.28300E+03,+1.446E-03
+1.28400E+03,+2.326E-03
+1.28500E+03,+2.291E-03
+1.28600E+03,+1.205E-03
+1.28700E+03,+1.116E-03
+1.28800E+03,+934E-06
+1.28900E+03,+541E-06
+1.29000E+03,+1.779E-03
+1.29100E+03,+6.753E-03
+1.29200E+03,+14.552E-03
+1.29300E+03,+14.724E-03
+1.29400E+03,+8.020E-03
+1.29500E+03,+3.958E-03
+1.29600E+03,+2.046E-03
+1.29700E+03,+436E-06
+1.29800E+03,+1.783E-03
+1.29900E+03,+1.235E-03
+1.30000E+03,+602E-06
+1.30100E+03,+705E-06
+1.30200E+03,+1.583E-03
+1.30300E+03,+2.042E-03
+1.30400E+03,+1.847E-03
+1.30500E+03,+1.889E-03
+1.30600E+03,+3.050E-03
+1.30700E+03,+3.136E-03
+1.30800E+03,+2.043E-03
+1.30900E+03,+952E-06
+1.31000E+03,+493E-06
+1.31100E+03,+910E-06
+1.31200E+03,+1.126E-03
+1.31300E+03,+816E-06
+1.31400E+03,+1.206E-03
+1.31500E+03,+2.230E-03
+1.31600E+03,+1.849E-03
+1.31700E+03,+1.384E-03
+1.31800E+03,+2.741E-03
+1.31900E+03,+3.287E-03
+1.32000E+03,+2.481E-03
+1.32100E+03,+2.369E-03
+1.32200E+03,+2.909E-03
+1.32300E+03,+1.844E-03
+1.32400E+03,+1.921E-03
+1.32500E+03,+2.440E-03
+1.32600E+03,+3.072E-03
+1.32700E+03,+2.762E-03
+1.32800E+03,+2.367E-03
+1.32900E+03,+1.564E-03
+1.33000E+03,+1.236E-03
+1.33100E+03,+1.582E-03
+1.33200E+03,+1.556E-03
+1.33300E+03,+1.556E-03
+1.33400E+03,+2.167E-03
+1.33500E+03,+891E-06
+1.33600E+03,+2.080E-03
+1.33700E+03,+2.288E-03
+1.33800E+03,+442E-06
+1.33900E+03,+1.676E-03
+1.34000E+03,+1.704E-03
+1.34100E+03,+846E-06
+1.34200E+03,+578E-06
+1.34300E+03,+1.122E-03
+1.34400E+03,+3.170E-03
+1.34500E+03,+4.142E-03
+1.34600E+03,+3.382E-03
+1.34700E+03,+1.831E-03
+1.34800E+03,+1.736E-03
+1.34900E+03,+2.561E-03
+1.35000E+03,+3.148E-03
+1.35100E+03,+2.889E-03
+1.35200E+03,+1.157E-03
+1.35300E+03,+1.214E-03
+1.35400E+03,+761E-06
+1.35500E+03,+2.260E-03
+1.35600E+03,+3.054E-03
+1.35700E+03,+2.738E-03
+1.35800E+03,+1.861E-03
+1.35900E+03,+854E-06
+1.36000E+03,+1.460E-03
+1.36100E+03,+1.385E-03
+1.36200E+03,+1.278E-03
+1.36300E+03,+1.177E-03
+1.36400E+03,+1.747E-03
+1.36500E+03,+2.554E-03
+1.36600E+03,+1.471E-03
+1.36700E+03,+1.645E-03
+1.36800E+03,+2.392E-03
+1.36900E+03,+2.738E-03
+1.37000E+03,+1.573E-03
+1.37100E+03,+982E-06
+1.37200E+03,+1.565E-03
+1.37300E+03,+1.490E-03
+1.37400E+03,+1.691E-03
+1.37500E+03,+1.463E-03
+1.37600E+03,+2.009E-03
+1.37700E+03,+3.416E-03
+1.37800E+03,+3.059E-03
+1.37900E+03,+1.373E-03
+1.38000E+03,+1.002E-03
+1.38100E+03,+1.572E-03
+1.38200E+03,+1.883E-03
+1.38300E+03,+1.295E-03
+1.38400E+03,+2.141E-03
+1.38500E+03,+2.974E-03
+1.38600E+03,+2.647E-03
+1.38700E+03,+2.219E-03
+1.38800E+03,+2.011E-03
+1.38900E+03,+1.753E-03
+1.39000E+03,+2.243E-03
+1.39100E+03,+3.354E-03
+1.39200E+03,+3.658E-03
+1.39300E+03,+2.651E-03
+1.39400E+03,+1.378E-03
+1.39500E+03,+911E-06
+1.39600E+03,+2.321E-03
+1.39700E+03,+2.460E-03
+1.39800E+03,+738E-06
+1.39900E+03,+855E-06
+1.40000E+03,+1.558E-03
+1.40100E+03,+1.781E-03
+1.40200E+03,+1.337E-03
+1.40300E+03,+1.849E-03
+1.40400E+03,+3.062E-03
+1.40500E+03,+2.601E-03
+1.40600E+03,+1.500E-03
+1.40700E+03,+1.242E-03
+1.40800E+03,+1.248E-03
+1.40900E+03,+1.080E-03
+1.41000E+03,+1.273E-03
+1.41100E+03,+2.259E-03
+1.41200E+03,+1.829E-03
+1.41300E+03,+1.367E-03
+1.41400E+03,+1.252E-03
+1.41500E+03,+744E-06
+1.41600E+03,+305E-06
+1.41700E+03,+1.810E-03
+1.41800E+03,+2.918E-03
+1.41900E+03,+1.639E-03
+1.42000E+03,+164E-06
+1.42100E+03,+1.253E-03
+1.42200E+03,+1.859E-03
+1.42300E+03,+1.401E-03
+1.42400E+03,+1.747E-03
+1.42500E+03,+1.625E-03
+1.42600E+03,+1.328E-03
+1.42700E+03,+1.149E-03
+1.42800E+03,+1.068E-03
+1.42900E+03,+1.073E-03
+1.43000E+03,+3.364E-03
+1.43100E+03,+5.196E-03
+1.43200E+03,+4.845E-03
+1.43300E+03,+2.989E-03
+1.43400E+03,+1.928E-03
+1.43500E+03,+1.698E-03
+1.43600E+03,+2.139E-03
+1.43700E+03,+2.143E-03
+1.43800E+03,+1.775E-03
+1.43900E+03,+725E-06
+1.44000E+03,+506E-06
+1.44100E+03,+592E-06
+1.44200E+03,+1.608E-03
+1.44300E+03,+2.122E-03
+1.44400E+03,+1.419E-03
+1.44500E+03,+1.587E-03
+1.44600E+03,+1.358E-03
+1.44700E+03,+238E-06
+1.44800E+03,+760E-06
+1.44900E+03,+1.956E-03
+1.45000E+03,+2.077E-03
+1.45100E+03,+1.262E-03
+1.45200E+03,+484E-06
+1.45300E+03,+195E-06
+1.45400E+03,+445E-06
+1.45500E+03,+1.238E-03
+1.45600E+03,+2.167E-03
+1.45700E+03,+3.046E-03
+1.45800E+03,+3.042E-03
+1.45900E+03,+1.981E-03
+1.46000E+03,+1.409E-03
+1.46100E+03,+1.640E-03
+1.46200E+03,+1.380E-03
+1.46300E+03,+637E-06
+1.46400E+03,+1.842E-03
+1.46500E+03,+1.422E-03
+1.46600E+03,+1.342E-03
+1.46700E+03,+768E-06
+1.46800E+03,+1.722E-03
+1.46900E+03,+2.722E-03
+1.47000E+03,+2.593E-03
+1.47100E+03,+2.039E-03
+1.47200E+03,+2.960E-03
+1.47300E+03,+3.398E-03
+1.47400E+03,+3.291E-03
+1.47500E+03,+5.670E-03
+1.47600E+03,+7.501E-03
+1.47700E+03,+8.724E-03
+1.47800E+03,+13.003E-03
+1.47900E+03,+11.384E-03
+1.48000E+03,+6.350E-03
+1.48100E+03,+3.923E-03
+1.48200E+03,+2.284E-03
+1.48300E+03,+669E-06
+1.48400E+03,+882E-06
+1.48500E+03,+1.171E-03
+1.48600E+03,+1.827E-03
+1.48700E+03,+935E-06
+1.48800E+03,+1.660E-03
+1.48900E+03,+1.169E-03
+1.49000E+03,+759E-06
+1.49100E+03,+1.207E-03
+1.49200E+03,+2.239E-03
+1.49300E+03,+2.793E-03
+1.49400E+03,+2.237E-03
+1.49500E+03,+1.527E-03
+1.49600E+03,+1.511E-03
+1.49700E+03,+1.783E-03
+1.49800E+03,+2.242E-03
+1.49900E+03,+2.752E-03
+1.50000E+03,+2.227E-03
+1.50100E+03,+1.083E-03
+1.50200E+03,+674E-06
+1.50300E+03,+1.450E-03
+1.50400E+03,+2.250E-03
+1.50500E+03,+1.595E-03
+1.50600E+03,+1.833E-03
+1.50700E+03,+3.395E-03
+1.50800E+03,+2.885E-03
+1.50900E+03,+2.455E-03
+1.51000E+03,+2.896E-03
+1.51100E+03,+1.893E-03
+1.51200E+03,+1.299E-03
+1.51300E+03,+1.361E-03
+1.51400E+03,+723E-06
+1.51500E+03,+887E-06
+1.51600E+03,+1.932E-03
+1.51700E+03,+2.071E-03
+1.51800E+03,+2.026E-03
+1.51900E+03,+2.291E-03
+1.52000E+03,+1.362E-03
+1.52100E+03,+1.065E-03
+1.52200E+03,+1.972E-03
+1.52300E+03,+1.768E-03
+1.52400E+03,+1.001E-03
+1.52500E+03,+2.297E-03
+1.52600E+03,+1.776E-03
+1.52700E+03,+1.416E-03
+1.52800E+03,+1.526E-03
+1.52900E+03,+1.911E-03
+1.53000E+03,+2.869E-03
+1.53100E+03,+2.796E-03
+1.53200E+03,+2.761E-03
+1.53300E+03,+2.869E-03
+1.53400E+03,+1.565E-03
+1.53500E+03,+1.608E-03
+1.53600E+03,+2.240E-03
+1.53700E+03,+1.554E-03
+1.53800E+03,+691E-06
+1.53900E+03,+634E-06
+1.54000E+03,+1.481E-03
+1.54100E+03,+1.985E-03
+1.54200E+03,+2.059E-03
+1.54300E+03,+3.111E-03
+1.54400E+03,+3.253E-03
+1.54500E+03,+2.116E-03
+1.54600E+03,+1.039E-03
+1.54700E+03,+1.647E-03
+1.54800E+03,+2.100E-03
+1.54900E+03,+1.909E-03
+1.55000E+03,+2.143E-03
+1.55100E+03,+1.574E-03
+1.55200E+03,+835E-06
+1.55300E+03,+357E-06
+1.55400E+03,+599E-06
+1.55500E+03,+971E-06
+1.55600E+03,+1.804E-03
+1.55700E+03,+2.494E-03
+1.55800E+03,+2.956E-03
+1.55900E+03,+5.144E-03
+1.56000E+03,+9.985E-03
+1.56100E+03,+12.611E-03
+1.56200E+03,+8.515E-03
+1.56300E+03,+2.905E-03
+1.56400E+03,+2.921E-03
+1.56500E+03,+990E-06
+1.56600E+03,+363E-06
+1.56700E+03,+1.226E-03
+1.56800E+03,+776E-06
+1.56900E+03,+527E-06
+1.57000E+03,+625E-06
+1.57100E+03,+982E-06
+1.57200E+03,+1.244E-03
+1.57300E+03,+1.908E-03
+1.57400E+03,+1.430E-03
+1.57500E+03,+1.246E-03
+1.57600E+03,+1.505E-03
+1.57700E+03,+1.795E-03
+1.57800E+03,+1.052E-03
+1.57900E+03,+960E-06
+1.58000E+03,+1.132E-03
+1.58100E+03,+1.052E-03
+1.58200E+03,+853E-06
+1.58300E+03,+657E-06
+1.58400E+03,+1.093E-03
+1.58500E+03,+1.576E-03
+1.58600E+03,+2.237E-03
+1.58700E+03,+2.568E-03
+1.58800E+03,+2.312E-03
+1.58900E+03,+1.955E-03
+1.59000E+03,+1.542E-03
+1.59100E+03,+1.064E-03
+1.59200E+03,+975E-06
+1.59300E+03,+634E-06
+1.59400E+03,+843E-06
+1.59500E+03,+1.206E-03
+1.59600E+03,+1.099E-03
+1.59700E+03,+1.120E-03
+1.59800E+03,+1.364E-03
+1.59900E+03,+1.912E-03
+1.60000E+03,+1.147E-03
+1.60100E+03,+2.402E-03
+1.60200E+03,+3.507E-03
+1.60300E+03,+2.152E-03
+1.60400E+03,+1.146E-03
+1.60500E+03,+2.402E-03
+1.60600E+03,+2.604E-03
+1.60700E+03,+1.960E-03
+1.60800E+03,+1.561E-03
+1.60900E+03,+2.650E-03
+1.61000E+03,+4.358E-03
+1.61100E+03,+3.993E-03
+1.61200E+03,+2.196E-03
+1.61300E+03,+1.741E-03
+1.61400E+03,+1.924E-03
+1.61500E+03,+2.264E-03
+1.61600E+03,+2.337E-03
+1.61700E+03,+2.395E-03
+1.61800E+03,+2.383E-03
+1.61900E+03,+1.595E-03
+1.62000E+03,+989E-06
+1.62100E+03,+1.112E-03
+1.62200E+03,+2.314E-03
+1.62300E+03,+2.785E-03
+1.62400E+03,+2.289E-03
+1.62500E+03,+1.470E-03
+1.62600E+03,+1.193E-03
+1.62700E+03,+1.765E-03
+1.62800E+03,+1.800E-03
+1.62900E+03,+1.433E-03
+1.63000E+03,+1.262E-03
+1.63100E+03,+863E-06
+1.63200E+03,+1.254E-03
+1.63300E+03,+1.132E-03
+1.63400E+03,+922E-06
+1.63500E+03,+1.515E-03
+1.63600E+03,+2.446E-03
+1.63700E+03,+2.289E-03
+1.63800E+03,+1.098E-03
+1.63900E+03,+1.368E-03
+1.64000E+03,+1.778E-03
+1.64100E+03,+1.926E-03
+1.64200E+03,+2.394E-03
+1.64300E+03,+1.441E-03
+1.64400E+03,+1.485E-03
+1.64500E+03,+1.887E-03
+1.64600E+03,+1.090E-03
+1.64700E+03,+209E-06
+1.64800E+03,+1.605E-03
+1.64900E+03,+1.531E-03
+1.65000E+03,+604E-06
+1.65100E+03,+1.253E-03
+1.65200E+03,+1.488E-03
+1.65300E+03,+1.595E-03
+1.65400E+03,+1.889E-03
+1.65500E+03,+1.504E-03
+1.65600E+03,+1.474E-03
+1.65700E+03,+1.706E-03
+1.65800E+03,+1.422E-03
+1.65900E+03,+1.540E-03
+1.66000E+03,+2.209E-03
+1.66100E+03,+1.870E-03
+1.66200E+03,+1.383E-03
+1.66300E+03,+1.932E-03
+1.66400E+03,+7.234E-03
+1.66500E+03,+9.632E-03
+1.66600E+03,+5.944E-03
+1.66700E+03,+1.474E-03
+1.66800E+03,+1.248E-03
+1.66900E+03,+883E-06
+1.67000E+03,+988E-06
+1.67100E+03,+469E-06
+1.67200E+03,+917E-06
+1.67300E+03,+782E-06
+1.67400E+03,+1.617E-03
+1.67500E+03,+2.833E-03
+1.67600E+03,+2.316E-03
+1.67700E+03,+1.655E-03
+1.67800E+03,+1.682E-03
+1.67900E+03,+1.250E-03
+1.68000E+03,+797E-06
+1.68100E+03,+617E-06
+1.68200E+03,+699E-06
+1.68300E+03,+1.911E-03
+1.68400E+03,+2.696E-03
+1.68500E+03,+2.151E-03
+1.68600E+03,+986E-06
+1.68700E+03,+2.020E-03
+1.68800E+03,+4.073E-03
+1.68900E+03,+4.760E-03
+1.69000E+03,+3.871E-03
+1.69100E+03,+1.724E-03
+1.69200E+03,+1.048E-03
+1.69300E+03,+1.008E-03
+1.69400E+03,+1.638E-03
+1.69500E+03,+2.550E-03
+1.69600E+03,+1.693E-03
+1.69700E+03,+533E-06
+1.69800E+03,+421E-06
+1.69900E+03,+1.092E-03
+1.70000E+03,+1.930E-03
+1.70100E+03,+1.882E-03
+1.70200E+03,+1.375E-03
+1.70300E+03,+2.437E-03
+1.70400E+03,+4.117E-03
+1.70500E+03,+2.980E-03
+1.70600E+03,+1.139E-03
+1.70700E+03,+2.095E-03
+1.70800E+03,+888E-06
+1.70900E+03,+693E-06
+1.71000E+03,+1.251E-03
+1.71100E+03,+1.889E-03
+1.71200E+03,+2.583E-03
+1.71300E+03,+2.775E-03
+1.71400E+03,+2.053E-03
+1.71500E+03,+1.350E-03
+1.71600E+03,+1.012E-03
+1.71700E+03,+1.185E-03
+1.71800E+03,+2.015E-03
+1.71900E+03,+2.003E-03
+1.72000E+03,+1.199E-03
+1.72100E+03,+735E-06
+1.72200E+03,+900E-06
+1.72300E+03,+1.389E-03
+1.72400E+03,+1.146E-03
+1.72500E+03,+1.169E-03
+1.72600E+03,+1.077E-03
+1.72700E+03,+745E-06
+1.72800E+03,+1.246E-03
+1.72900E+03,+1.122E-03
+1.73000E+03,+1.598E-03
+1.73100E+03,+932E-06
+1.73200E+03,+1.489E-03
+1.73300E+03,+2.136E-03
+1.73400E+03,+1.521E-03
+1.73500E+03,+1.149E-03
+1.73600E+03,+2.207E-03
+1.73700E+03,+4.242E-03
+1.73800E+03,+3.681E-03
+1.73900E+03,+2.351E-03
+1.74000E+03,+2.253E-03
+1.74100E+03,+1.721E-03
+1.74200E+03,+1.857E-03
+1.74300E+03,+3.479E-03
+1.74400E+03,+4.311E-03
+1.74500E+03,+3.700E-03
+1.74600E+03,+1.579E-03
+1.74700E+03,+2.212E-03
+1.74800E+03,+3.072E-03
+1.74900E+03,+2.898E-03
+1.75000E+03,+3.092E-03
+1.75100E+03,+2.794E-03
+1.75200E+03,+2.452E-03
+1.75300E+03,+2.946E-03
+1.75400E+03,+2.355E-03
+1.75500E+03,+2.112E-03
+1.75600E+03,+1.573E-03
+1.75700E+03,+1.323E-03
+1.75800E+03,+1.060E-03
+1.75900E+03,+1.114E-03
+1.76000E+03,+3.227E-03
+1.76100E+03,+4.792E-03
+1.76200E+03,+4.936E-03
+1.76300E+03,+4.846E-03
+1.76400E+03,+8.880E-03
+1.76500E+03,+15.277E-03
+1.76600E+03,+18.783E-03
+1.76700E+03,+21.229E-03
+1.76800E+03,+18.455E-03
+1.76900E+03,+11.090E-03
+1.77000E+03,+4.304E-03
+1.77100E+03,+4.809E-03
+1.77200E+03,+3.023E-03
+1.77300E+03,+2.930E-03
+1.77400E+03,+552E-06
+1.77500E+03,+911E-06
+1.77600E+03,+1.907E-03
+1.77700E+03,+3.735E-03
+1.77800E+03,+3.733E-03
+1.77900E+03,+2.730E-03
+1.78000E+03,+2.489E-03
+1.78100E+03,+2.482E-03
+1.78200E+03,+1.766E-03
+1.78300E+03,+841E-06
+1.78400E+03,+895E-06
+1.78500E+03,+977E-06
+1.78600E+03,+954E-06
+1.78700E+03,+756E-06
+1.78800E+03,+1.138E-03
+1.78900E+03,+1.647E-03
+1.79000E+03,+1.170E-03
+1.79100E+03,+88E-06
+1.79200E+03,+430E-06
+1.79300E+03,+450E-06
+1.79400E+03,+1.138E-03
+1.79500E+03,+1.701E-03
+1.79600E+03,+2.029E-03
+1.79700E+03,+2.339E-03
+1.79800E+03,+2.306E-03
+1.79900E+03,+2.452E-03
+1.80000E+03,+2.364E-03
+1.80100E+03,+1.681E-03
+1.80200E+03,+947E-06
+1.80300E+03,+562E-06
+1.80400E+03,+393E-06
+1.80500E+03,+1.424E-03
+1.80600E+03,+2.581E-03
+1.80700E+03,+2.836E-03
+1.80800E+03,+2.368E-03
+1.80900E+03,+1.445E-03
+1.81000E+03,+3.084E-03
+1.81100E+03,+4.012E-03
+1.81200E+03,+1.735E-03
+1.81300E+03,+2.598E-03
+1.81400E+03,+2.191E-03
+1.81500E+03,+782E-06
+1.81600E+03,+2.076E-03
+1.81700E+03,+2.972E-03
+1.81800E+03,+2.952E-03
+1.81900E+03,+1.664E-03
+1.82000E+03,+751E-06
+1.82100E+03,+1.553E-03
+1.82200E+03,+1.831E-03
+1.82300E+03,+1.188E-03
+1.82400E+03,+1.329E-03
+1.82500E+03,+2.472E-03
+1.82600E+03,+2.110E-03
+1.82700E+03,+1.940E-03
+1.82800E+03,+2.321E-03
+1.82900E+03,+1.571E-03
+1.83000E+03,+680E-06
+1.83100E+03,+1.588E-03
+1.83200E+03,+1.284E-03
+1.83300E+03,+689E-06
+1.83400E+03,+807E-06
+1.83500E+03,+1.067E-03
+1.83600E+03,+2.346E-03
+1.83700E+03,+2.847E-03
+1.83800E+03,+1.818E-03
+1.83900E+03,+1.798E-03
+1.84000E+03,+3.393E-03
+1.84100E+03,+3.481E-03
+1.84200E+03,+2.191E-03
+1.84300E+03,+3.374E-03
+1.84400E+03,+5.524E-03
+1.84500E+03,+5.057E-03
+1.84600E+03,+3.239E-03
+1.84700E+03,+1.865E-03
+1.84800E+03,+1.962E-03
+1.84900E+03,+1.859E-03
+1.85000E+03,+1.590E-03
+1.85100E+03,+1.053E-03
+1.85200E+03,+3.347E-03
+1.85300E+03,+3.538E-03
+1.85400E+03,+2.209E-03
+1.85500E+03,+1.234E-03
+1.85600E+03,+888E-06
+1.85700E+03,+950E-06
+1.85800E+03,+609E-06
+1.85900E+03,+1.665E-03
+1.86000E+03,+1.663E-03
+1.86100E+03,+1.455E-03
+1.86200E+03,+2.013E-03
+1.86300E+03,+1.719E-03
+1.86400E+03,+1.070E-03
+1.86500E+03,+908E-06
+1.86600E+03,+1.292E-03
+1.86700E+03,+624E-06
+1.86800E+03,+1.573E-03
+1.86900E+03,+2.472E-03
+1.87000E+03,+1.993E-03
+1.87100E+03,+1.369E-03
+1.87200E+03,+3.105E-03
+1.87300E+03,+6.164E-03
+1.87400E+03,+5.682E-03
+1.87500E+03,+3.227E-03
+1.87600E+03,+1.238E-03
+1.87700E+03,+589E-06
+1.87800E+03,+643E-06
+1.87900E+03,+1.715E-03
+1.88000E+03,+1.963E-03
+1.88100E+03,+1.650E-03
+1.88200E+03,+1.159E-03
+1.88300E+03,+960E-06
+1.88400E+03,+1.209E-03
+1.88500E+03,+1.688E-03
+1.88600E+03,+1.765E-03
+1.88700E+03,+1.481E-03
+1.88800E+03,+1.226E-03
+1.88900E+03,+1.044E-03
+1.89000E+03,+1.803E-03
+1.89100E+03,+1.402E-03
+1.89200E+03,+1.823E-03
+1.89300E+03,+2.337E-03
+1.89400E+03,+1.833E-03
+1.89500E+03,+2.301E-03
+1.89600E+03,+1.575E-03
+1.89700E+03,+1.170E-03
+1.89800E+03,+2.612E-03
+1.89900E+03,+2.261E-03
+1.90000E+03,+1.573E-03
+1.90100E+03,+1.721E-03
+1.90200E+03,+1.043E-03
+1.90300E+03,+297E-06
+1.90400E+03,+361E-06
+1.90500E+03,+1.355E-03
+1.90600E+03,+2.964E-03
+1.90700E+03,+3.218E-03
+1.90800E+03,+2.257E-03
+1.90900E+03,+1.078E-03
+1.91000E+03,+2.065E-03
+1.91100E+03,+3.550E-03
+1.91200E+03,+3.601E-03
+1.91300E+03,+2.705E-03
+1.91400E+03,+1.718E-03
+1.91500E+03,+1.984E-03
+1.91600E+03,+2.641E-03
+1.91700E+03,+2.928E-03
+1.91800E+03,+2.094E-03
+1.91900E+03,+1.365E-03
+1.92000E+03,+1.176E-03
+1.92100E+03,+1.504E-03
+1.92200E+03,+1.097E-03
+1.92300E+03,+1.428E-03
+1.92400E+03,+2.331E-03
+1.92500E+03,+1.900E-03
+1.92600E+03,+1.488E-03
+1.92700E+03,+1.977E-03
+1.92800E+03,+1.109E-03
+1.92900E+03,+1.337E-03
+1.93000E+03,+2.154E-03
+1.93100E+03,+1.928E-03
+1.93200E+03,+2.026E-03
+1.93300E+03,+1.464E-03
+1.93400E+03,+202E-06
+1.93500E+03,+1.526E-03
+1.93600E+03,+2.056E-03
+1.93700E+03,+983E-06
+1.93800E+03,+1.784E-03
+1.93900E+03,+2.392E-03
+1.94000E+03,+1.956E-03
